CHAMADO,ID DETENTORA,SITE,STATUS,VALIDADE,ENDEREÇO,CLUSTER,SUPERVISOR,OBSERVAÇÕES
417077,TCMGIIN0001,MGING01,Liberado,22/09/2026,A -- SN,SUL,Adriano Francisco de Paula,"""Para os acessos da Regional de MG, foi realizado uma reunião com a Claro e para os sites PORTFOLIO TBSA será necessário apresentação apenas do chamado do sistema Acesites na Central da Claro para retirada de chaves.
 
Encaminhar o formulário via e-mail SUPNOC por e-mail para encaminharmos para Claro.
 
Obs.: Atividade precisa estar aprovada, vigente e o nome do colaborador na lista.
 
ENDEREÇO DA CENTRAL DOS SITES em MG: RUA ESPÍRITO SANTO N°1000 - CENTRO""

Maria Eduarda"
427574,TCMGBHO0003,MGBEL03,Aguardando Aprovação,07/10/2026,AFONSO PENA SN,BH,Renato Parreiras,
417122,TCMGSBA0001,MGSBA01,Liberado,22/09/2026,AIMORES,SUL,Adriano Francisco de Paula,"Para os acessos da Regional de MG, foi realizado uma reunião com a Claro e para os sites PORTFOLIO TBSA será necessário apresentação apenas do chamado do sistema Acesites na Central da Claro para retirada de chaves.
 
Encaminhar o formulário via e-mail SUPNOC por e-mail para encaminharmos para Claro.
 
Obs.: Atividade precisa estar aprovada, vigente e o nome do colaborador na lista.
 
ENDEREÇO DA CENTRAL DOS SITES em MG: RUA ESPÍRITO SANTO N°1000 - CENTRO""



Thais Fernandes"
427666,TCMGNLM0004,MGNVL32,Liberado,07/10/2026,ALAMEDA DA SERRA 405,BH,Renato Parreiras,"""“Para os acessos da Regional MG, foi realizada uma reunião com a Claro e ficou definido que, para os sites do portfólio TBSA, será necessária apenas a apresentação do chamado do sistema Acesites na Central da Claro para retirada das chaves. Para isso, deverá ser encaminhado um e-mail para Vanessa (vanessa.barros.terceiros@siteslatam.com.br), solicitando o formulário para preenchimento e liberação das chaves.
Observações:
A atividade deve estar aprovada e vigente no sistema.
O nome do colaborador deve constar na lista de autorização.
O endereço para retirada das chaves será encaminhado pelo responsável da Central via e-mail.”""
Maria Eduarda"
427662,TCMGMTL0002,MGMTL02,Liberado,07/10/2026,ALAMEDA DAS FALCATAS SN,BH,Renato Parreiras,"segredo 0002
Maria Eduarda R."
427677,TCMGRBN0002,MGRBN08,Liberado,07/10/2026,ALAMEDA DOS CARDEAIS 400,BH,Rafael Porto Alves da Cruz,"CADEADO DE SEGREDO 0002


Deborah Perotti"
427676,TCMGRBN0001,MGRBN03,Liberado,07/10/2026,ALAMEDA DOS MERGULHOES 184,BH,Rafael Porto Alves da Cruz,"Após a aprovação do chamado em nosso sistema o técnico deverá baixar o APP em seu celular.
NOME DO APLICATIVO: MASTER LOCK VAULT ENTERPRISE:
•	Após acesso liberado via acesites e cadastro interno do sistema o técnico receberá um e-mail (noreply@masterlockvault.com) com uma senha provisória.
•	No primeiro acesso deverão ser preenchidos os campos a seguir:
•	ORGANIZATION ID: TORRESDOBRASIL
•	EMAIL: Preencher e-mail cadastrado em nosso sistema Acesites
•	PASSWORD: Senha provisória recebida no e-mail (Verificar Lixo Eletrônico).
•	Configurar o celular para permitir o aplicativo utilizar a localização do aparelho durante o uso do APP (Configuração varia de acordo com o modelo do celular)
Após baixar o APP entrar em contato com o NOC TBSA para dar entrada ao site:
NOC (21) 2391 9487

Deborah Perotti"
427996,TCMGACP0001,MGACP01,Liberado,17/10/2026,ALTO CAPARAO 36979000 SN,LESTE,Paulo De Freitas Pereira,"SEGREDO:0001

Melissa Sato"
417033,TCMGBRE0002,MGALB80,Liberado,22/09/2026,ALTO DA TORRE- S/N,SUL,Adriano Francisco de Paula,"""Para os acessos da Regional de MG, foi realizado uma reunião com a Claro e para os sites PORTFOLIO TBSA será necessário apresentação apenas do chamado do sistema Acesites na Central da Claro para retirada de chaves.
 
Encaminhar o formulário via e-mail SUPNOC por e-mail para encaminharmos para Claro.
 
Obs.: Atividade precisa estar aprovada, vigente e o nome do colaborador na lista.
 
ENDEREÇO DA CENTRAL DOS SITES em MG: RUA ESPÍRITO SANTO N°1000 - CENTRO""

Maria Eduarda"
427997,TCMGADM0001,MGADM01,Liberado,17/10/2026,ALVORADA DE MINAS 39140000- SN,LESTE,Paulo De Freitas Pereira,"""“Para os acessos da Regional MG, foi realizada uma reunião com a Claro e ficou definido que, para os sites do portfólio TBSA, será necessária apenas a apresentação do chamado do sistema Acesites na Central da Claro para retirada das chaves. Para isso, deverá ser encaminhado um e-mail para Vanessa (vanessa.barros.terceiros@siteslatam.com.br), solicitando o formulário para preenchimento e liberação das chaves.
Observações:
A atividade deve estar aprovada e vigente no sistema.
O nome do colaborador deve constar na lista de autorização.
O endereço para retirada das chaves será encaminhado pelo responsável da Central via e-mail.”""

Melissa Sato"
428070,TCMGIPG0005,MGIPG03,Liberado,17/11/2026,AMAZONAS,LESTE,Paulo De Freitas Pereira,"""“Para os acessos da Regional MG, foi realizada uma reunião com a Claro e ficou definido que, para os sites do portfólio TBSA, será necessária apenas a apresentação do chamado do sistema Acesites na Central da Claro para retirada das chaves. Para isso, deverá ser encaminhado um e-mail para Vanessa (vanessa.barros.terceiros@siteslatam.com.br), solicitando o formulário para preenchimento e liberação das chaves.
Observações:
A atividade deve estar aprovada e vigente no sistema.
O nome do colaborador deve constar na lista de autorização.
O endereço para retirada das chaves será encaminhado pelo responsável da Central via e-mail.”""

Melissa Sato"
427616,TCMGBHO0060,MGSAVS1,Liberado,07/10/2026,ANTONIO DE ALBUQUERQUE 1524,BH,Renato Parreiras,"Carta encaminhada via wpp

Direcionar os técnicos com a carta de liberação em mãos.
Problemas de acesso, acionar o NOC TBSA 21 2391-9487 (wpp/lig) com os técnicos no local para tratarmos pontualmente.

Maria Eduarda"
427973,TCMGCTU0001,MGCTU80,Liberado,17/11/2026,ANTONIO FRANCISCO BATISTA- S/N,NORTE,Paulo De Freitas Pereira,"“Para os acessos da Regional MG, foi realizada uma reunião com a Claro e ficou definido que, para os sites do portfólio TBSA, será necessária apenas a apresentação do chamado do sistema Acesites na Central da Claro para retirada das chaves. Para isso, deverá ser encaminhado um e-mail para Vanessa (vanessa.barros.terceiros@siteslatam.com.br), solicitando o formulário para preenchimento e liberação das chaves.
Observações:
A atividade deve estar aprovada e vigente no sistema.
O nome do colaborador deve constar na lista de autorização.
O endereço para retirada das chaves será encaminhado pelo responsável da Central via e-mail.”


Deborah perotti"
417081,TCMGILI0002,MGILI02,Liberado,22/09/2026,ARILDO VILELA MOSCARDINI- SN,SUL,Adriano Francisco de Paula,"""Para os acessos da Regional de MG, foi realizado uma reunião com a Claro e para os sites PORTFOLIO TBSA será necessário apresentação apenas do chamado do sistema Acesites na Central da Claro para retirada de chaves.
 
Encaminhar o formulário via e-mail SUPNOC por e-mail para encaminharmos para Claro.
 
Obs.: Atividade precisa estar aprovada, vigente e o nome do colaborador na lista.
 
ENDEREÇO DA CENTRAL DOS SITES em MG: RUA ESPÍRITO SANTO N°1000 - CENTRO""

Maria Eduarda"
427785,TCMGSLG0004,MGSLG07,Liberado,07/10/2026,ARIO MARO 363,METROPOLITANO,Leandro de Menezes Assunção,"PEGAR CHAVE COM O EDER DE OMR CLARO. LIGAR PARA O MESMO E AGENDAR A RETIRADA (31) 98223-0245

Melissa Sato"
427638,TCMGBHO0081,MGSAV23,Liberado,07/10/2026,AV AFONSO PENA 2300,BH,Renato Parreiras,"Carta encaminhada ao local.
Problemas de acesso, acionar o NOC TBSA 21 2391-9487 (wpp/lig) com os técnicos no local para tratarmos pontualmente.

Maria Eduarda"
427602,TCMGBHO0044,MGPAM07,Liberado,07/10/2026,AV PRESIDENTE ANTONIO CARLOS 7781,BH,Rafael Porto Alves da Cruz,"Carta encaminhada ao local.
Problemas de acesso, acionar o NOC TBSA 21 2391-9487 (wpp/lig) com os técnicos no local para tratarmos pontualmente.

Ellen P"
427692,TTMGBHO0001,MGCJA41,Liberado,07/10/2026,AV PRUDENTE DE MORAIS 44,BH,Renato Parreiras,"Carta encaminhada ao local.
Problemas de acesso, acionar o NOC TBSA 21 2391-9487 (wpp/lig) com os técnicos no local para tratarmos pontualmente.
Melissa Sato"
427921,TCMGIUA0002,MGIUA04,Liberado,18/10/2026,AVENIDA  29 X AVENIDA  36- SN,OESTE,Arthur Gomes de Paulo,"“Para os acessos da Regional MG, foi realizada uma reunião com a Claro e ficou definido que, para os sites do portfólio TBSA, será necessária apenas a apresentação do chamado do sistema Acesites na Central da Claro para retirada das chaves. Para isso, deverá ser encaminhado um e-mail para Vanessa (vanessa.barros.terceiros@siteslatam.com.br), solicitando o formulário para preenchimento e liberação das chaves.
Observações:
A atividade deve estar aprovada e vigente no sistema.
O nome do colaborador deve constar na lista de autorização.
O endereço para retirada das chaves será encaminhado pelo responsável da Central via e-mail.”

Deborah Perotti"
427626,TCMGBHO0070,MGPAM28,Liberado,07/10/2026,AVENIDA  ABRAHAO CARAM 820- SN,BH,Rafael Porto Alves da Cruz,"Carta encaminhada ao local.
Problemas de acesso, acionar o NOC TBSA 21 2391-9487 (wpp/lig) com os técnicos no local para tratarmos pontualmente.

Thais Fernandes"
427944,TCMGUBE0009,MGULA16,Liberado,18/10/2026,AVENIDA  AFONSO PENA SN,OESTE,Arthur Gomes de Paulo,"Após a aprovação do chamado em nosso sistema o técnico deverá baixar o APP em seu celular.
NOME DO APLICATIVO: MASTER LOCK VAULT ENTERPRISE:
•	Após acesso liberado via acesites e cadastro interno do sistema o técnico receberá um e-mail (noreply@masterlockvault.com) com uma senha provisória.
•	No primeiro acesso deverão ser preenchidos os campos a seguir:
•	ORGANIZATION ID: TORRESDOBRASIL
•	EMAIL: Preencher e-mail cadastrado em nosso sistema Acesites
•	PASSWORD: Senha provisória recebida no e-mail (Verificar Lixo Eletrônico).
•	Configurar o celular para permitir o aplicativo utilizar a localização do aparelho durante o uso do APP (Configuração varia de acordo com o modelo do celular)
Após baixar o APP entrar em contato com o NOC TBSA para dar entrada ao site:
NOC (21) 2391 9487

Deborah Perotti"
427950,TCMGURA0001,MGURA04,Liberado,18/10/2026,AVENIDA  ALEXANDRE BARBOSA SN,OESTE,Arthur Gomes de Paulo,"Após a aprovação do chamado em nosso sistema o técnico deverá baixar o APP em seu celular.
NOME DO APLICATIVO: MASTER LOCK VAULT ENTERPRISE:
•	Após acesso liberado via acesites e cadastro interno do sistema o técnico receberá um e-mail (noreply@masterlockvault.com) com uma senha provisória.
•	No primeiro acesso deverão ser preenchidos os campos a seguir:
•	ORGANIZATION ID: TORRESDOBRASIL
•	EMAIL: Preencher e-mail cadastrado em nosso sistema Acesites
•	PASSWORD: Senha provisória recebida no e-mail (Verificar Lixo Eletrônico).
•	Configurar o celular para permitir o aplicativo utilizar a localização do aparelho durante o uso do APP (Configuração varia de acordo com o modelo do celular)
Após baixar o APP entrar em contato com o NOC TBSA para dar entrada ao site:
NOC (21) 2391 9487

Deborah Perotti"
427585,TCMGBHO0020,MGCEN17,Liberado,07/10/2026,AVENIDA  ALFREDO BALENA- 189,BH,Renato Parreiras,"Carta encaminhada ao local.
Problemas de acesso, acionar o NOC TBSA 21 2391-9487 (wpp) com os técnicos no local para tratarmos pontualmente.

Ellen P"
417061,TCMGDFS0001,MGDFS01,Liberado,22/09/2026,AVENIDA  ANTENOR PEREIRA MORAIS- SN,SUL,Adriano Francisco de Paula,"""Para os acessos da Regional de MG, foi realizado uma reunião com a Claro e para os sites PORTFOLIO TBSA será necessário apresentação apenas do chamado do sistema Acesites na Central da Claro para retirada de chaves.
 
Encaminhar o formulário via e-mail SUPNOC por e-mail para encaminharmos para Claro.
 
Obs.: Atividade precisa estar aprovada, vigente e o nome do colaborador na lista.
 
ENDEREÇO DA CENTRAL DOS SITES em MG: RUA ESPÍRITO SANTO N°1000 - CENTRO""

Maria Eduarda"
417135,TCMGSSQ0001,MGSSQ01,Liberado,22/09/2026,AVENIDA  AQUINO ANTONO DE CARVALHO SN,SUL,Adriano Francisco de Paula,"Após a aprovação do chamado em nosso sistema o técnico deverá baixar o APP em seu celular.
NOME DO APLICATIVO: MASTER LOCK VAULT ENTERPRISE:
•	Após acesso liberado via acesites e cadastro interno do sistema o técnico receberá um e-mail (noreply@masterlockvault.com) com uma senha provisória.
•	No primeiro acesso deverão ser preenchidos os campos a seguir:
•	ORGANIZATION ID: TORRESDOBRASIL
•	EMAIL: Preencher e-mail cadastrado em nosso sistema Acesites
•	PASSWORD: Senha provisória recebida no e-mail (Verificar Lixo Eletrônico).
•	Configurar o celular para permitir o aplicativo utilizar a localização do aparelho durante o uso do APP (Configuração varia de acordo com o modelo do celular)
Após baixar o APP entrar em contato com o NOC TBSA para dar entrada ao site:
NOC (21) 2391 9487


Thais Fernandes"
427577,TCMGBHO0006,MGBEL20,Aguardando Aprovação,07/10/2026,AVENIDA  BANDEIRANTES 1485,BH,Renato Parreiras,
427744,TCMGJML0001,MGJML02,Aguardando Aprovação,07/10/2026,AVENIDA  CARANDAI- 1115,METROPOLITANO,Arthur Santos de Oliveira,
427595,TCMGBHO0036,MGFTA02,Liberado,07/10/2026,AVENIDA  CONTAGEM- 360,BH,Rafael Porto Alves da Cruz,"Carta encaminhada ao local.
Problemas de acesso, acionar o NOC TBSA 21 2391-9487 (wpp) com os técnicos no local para tratarmos pontualmente.

Ellen P"
427599,TCMGBHO0041,MGFTA25,Liberado,07/10/2026,AVENIDA  CONTORNO- 2333,BH,Rafael Porto Alves da Cruz,"Direcionar os técnicos com a carta de liberação em mãos.
Problemas de acesso, acionar o NOC TBSA 21 2391-9487 (wpp/lig) com os técnicos no local para tratarmos pontualmente."
427784,TCMGSLG0003,MGSLG06,Liberado,07/10/2026,AVENIDA  CORNELIO VIANA SN,METROPOLITANO,Leandro de Menezes Assunção,"Após a aprovação do chamado em nosso sistema o técnico deverá baixar o APP em seu celular.
NOME DO APLICATIVO: MASTER LOCK VAULT ENTERPRISE:
•	Após acesso liberado via acesites e cadastro interno do sistema o técnico receberá um e-mail (noreply@masterlockvault.com) com uma senha provisória.
•	No primeiro acesso deverão ser preenchidos os campos a seguir:
•	ORGANIZATION ID: TORRESDOBRASIL
•	EMAIL: Preencher e-mail cadastrado em nosso sistema Acesites
•	PASSWORD: Senha provisória recebida no e-mail (Verificar Lixo Eletrônico).
•	Configurar o celular para permitir o aplicativo utilizar a localização do aparelho durante o uso do APP (Configuração varia de acordo com o modelo do celular)
Após baixar o APP entrar em contato com o NOC TBSA para dar entrada ao site:
NOC (21) 2391 9487

Deborah Perotti"
417088,TCMGLAV0001,MGLAV03,Liberado,22/09/2026,AVENIDA  CORONEL JUVENTINO DIAS TEIXEIRA- SN,SUL,Adriano Francisco de Paula,"Para os acessos da Regional de MG, foi realizado uma reunião com a Claro e para os sites PORTFOLIO TBSA será necessário apresentação apenas do chamado do sistema Acesites na Central da Claro para retirada de chaves.
 
Encaminhar o formulário via e-mail SUPNOC por e-mail para encaminharmos para Claro.
 
Obs.: Atividade precisa estar aprovada, vigente e o nome do colaborador na lista.
 
ENDEREÇO DA CENTRAL DOS SITES em MG: RUA ESPÍRITO SANTO N°1000 - CENTRO

Ellen P"
427594,TCMGBHO0035,MGDCA12,Liberado,07/10/2026,AVENIDA  DOM JOSE GASPAR 500,BH,Renato Parreiras,"Carta encaminhada ao local.
Problemas de acesso, acionar o NOC TBSA 21 2391-9487 (wpp) com os técnicos no local para tratarmos pontualmente.

Ellen P"
427980,TCMGJQU0001,MGJQU01,Liberado,17/11/2026,AVENIDA  DOS ANDRADAS- SN,NORTE,Paulo De Freitas Pereira,"“Para os acessos da Regional MG, foi realizada uma reunião com a Claro e ficou definido que, para os sites do portfólio TBSA, será necessária apenas a apresentação do chamado do sistema Acesites na Central da Claro para retirada das chaves. Para isso, deverá ser encaminhado um e-mail para Vanessa (vanessa.barros.terceiros@siteslatam.com.br), solicitando o formulário para preenchimento e liberação das chaves.
Observações:
A atividade deve estar aprovada e vigente no sistema.
O nome do colaborador deve constar na lista de autorização.
O endereço para retirada das chaves será encaminhado pelo responsável da Central via e-mail.”


Deborah Perotti"
417032,TCMGBRA0001,MGBRS01,Liberado,22/09/2026,AVENIDA  DR CARLOS PIOLI FILHO 610,SUL,Adriano Francisco de Paula,"SEGREDO:0001

Maria Eduarda"
427807,TCMGPDV0001,MGPDV01,Liberado,07/10/2026,AVENIDA  DR JORGE BACHA 3,SUL,Adriano Francisco de Paula,"Após a aprovação do chamado em nosso sistema o técnico deverá baixar o APP em seu celular.
NOME DO APLICATIVO: MASTER LOCK VAULT ENTERPRISE:
•	Após acesso liberado via acesites e cadastro interno do sistema o técnico receberá um e-mail (noreply@masterlockvault.com) com uma senha provisória.
•	No primeiro acesso deverão ser preenchidos os campos a seguir:
•	ORGANIZATION ID: TORRESDOBRASIL
•	EMAIL: Preencher e-mail cadastrado em nosso sistema Acesites
•	PASSWORD: Senha provisória recebida no e-mail (Verificar Lixo Eletrônico).
•	Configurar o celular para permitir o aplicativo utilizar a localização do aparelho durante o uso do APP (Configuração varia de acordo com o modelo do celular)
Após baixar o APP entrar em contato com o NOC TBSA para dar entrada ao site:
NOC (21) 2391 9487

Deborah Perotti"
428059,TCMGGNH0001,MGGNH01,Liberado,17/11/2026,AVENIDA  GOERNADOR MILTON CAMPOS- 921,LESTE,Paulo De Freitas Pereira,"""“Para os acessos da Regional MG, foi realizada uma reunião com a Claro e ficou definido que, para os sites do portfólio TBSA, será necessária apenas a apresentação do chamado do sistema Acesites na Central da Claro para retirada das chaves. Para isso, deverá ser encaminhado um e-mail para Vanessa (vanessa.barros.terceiros@siteslatam.com.br), solicitando o formulário para preenchimento e liberação das chaves.
Observações:
A atividade deve estar aprovada e vigente no sistema.
O nome do colaborador deve constar na lista de autorização.
O endereço para retirada das chaves será encaminhado pelo responsável da Central via e-mail.”""

Melissa Sato"
417041,TCMGCBQ0002,MGCBQ02,Liberado,22/09/2026,AVENIDA  GOIAS- SN,SUL,Adriano Francisco de Paula,"Para os acessos da Regional de MG, foi realizado uma reunião com a Claro e para os sites PORTFOLIO TBSA será necessário apresentação apenas do chamado do sistema Acesites na Central da Claro para retirada de chaves.
 
Encaminhar o formulário via e-mail SUPNOC por e-mail para encaminharmos para Claro.
 
Obs.: Atividade precisa estar aprovada, vigente e o nome do colaborador na lista.
 
ENDEREÇO DA CENTRAL DOS SITES em MG: RUA ESPÍRITO SANTO N°1000 - CENTRO.
Maria Eduarda"
427960,TCMGMCL0007,MGMCL20,Liberado,17/10/2026,AVENIDA  INDUSTRIAL 975,NORTE,Paulo De Freitas Pereira,"Após a aprovação do chamado em nosso sistema o técnico deverá baixar o APP em seu celular.
NOME DO APLICATIVO: MASTER LOCK VAULT ENTERPRISE:
•	Após acesso liberado via acesites e cadastro interno do sistema o técnico receberá um e-mail (noreply@masterlockvault.com) com uma senha provisória.
•	No primeiro acesso deverão ser preenchidos os campos a seguir:
•	ORGANIZATION ID: TORRESDOBRASIL
•	EMAIL: Preencher e-mail cadastrado em nosso sistema Acesites
•	PASSWORD: Senha provisória recebida no e-mail (Verificar Lixo Eletrônico).
•	Configurar o celular para permitir o aplicativo utilizar a localização do aparelho durante o uso do APP (Configuração varia de acordo com o modelo do celular)
Após baixar o APP entrar em contato com o NOC TBSA para dar entrada ao site:
NOC (21) 2391 9487

Deborah Perotti"
428034,TCMGSJM0001,MGSJM01,Liberado,17/10/2026,AVENIDA  JACOB DORNELAS NETO 323 SN,LESTE,Paulo De Freitas Pereira,"SEGREDO 5000

Melissa Sato"
427644,TCMGCTG0003,MGCTG15,Liberado,07/10/2026,AVENIDA  JOAO CESAR DE OLIVEIRA 3481,BH,Rafael Porto Alves da Cruz,"Carta encaminhada ao local.
Problemas de acesso, acionar o NOC TBSA 21 2391-9487 (wpp/lig) com os técnicos no local para tratarmos pontualmente.

Maria Eduarda"
427935,TCMGTPC0001,MGTPC02,Liberado,18/10/2026,AVENIDA  JOAO ELIAS DA FONSECA SN,OESTE,Arthur Gomes de Paulo,"Após a aprovação do chamado em nosso sistema o técnico deverá baixar o APP em seu celular.
NOME DO APLICATIVO: MASTER LOCK VAULT ENTERPRISE:
•	Após acesso liberado via acesites e cadastro interno do sistema o técnico receberá um e-mail (noreply@masterlockvault.com) com uma senha provisória.
•	No primeiro acesso deverão ser preenchidos os campos a seguir:
•	ORGANIZATION ID: TORRESDOBRASIL
•	EMAIL: Preencher e-mail cadastrado em nosso sistema Acesites
•	PASSWORD: Senha provisória recebida no e-mail (Verificar Lixo Eletrônico).
•	Configurar o celular para permitir o aplicativo utilizar a localização do aparelho durante o uso do APP (Configuração varia de acordo com o modelo do celular)
Após baixar o APP entrar em contato com o NOC TBSA para dar entrada ao site:
NOC (21) 2391 9487

Deborah Perotti"
427937,TCMGUBE0002,MGULA15,Liberado,18/10/2026,AVENIDA  JOAO PESSOA X RUA ARAGUARI- SN,OESTE,Arthur Gomes de Paulo,"Carta encaminhada ao local.
Problemas de acesso, acionar o NOC TBSA 21 2391-9487 (wpp/lig) com os técnicos no local para tratarmos pontualmente.
Melissa Sato"
428084,TCMGMTN0001,MGMNT01,Liberado,17/11/2026,AVENIDA  JOSE MOL- 216,LESTE,Paulo De Freitas Pereira,"""“Para os acessos da Regional MG, foi realizada uma reunião com a Claro e ficou definido que, para os sites do portfólio TBSA, será necessária apenas a apresentação do chamado do sistema Acesites na Central da Claro para retirada das chaves. Para isso, deverá ser encaminhado um e-mail para Vanessa (vanessa.barros.terceiros@siteslatam.com.br), solicitando o formulário para preenchimento e liberação das chaves.
Observações:
A atividade deve estar aprovada e vigente no sistema.
O nome do colaborador deve constar na lista de autorização.
O endereço para retirada das chaves será encaminhado pelo responsável da Central via e-mail.”""

Melissa Sato"
417030,TCMGBLH0002,MGBOT01,Liberado,22/09/2026,AVENIDA  MAJOR ALBERTO FERNANDES- 341,SUL,Adriano Francisco de Paula,"Para os acessos da Regional de MG, foi realizado uma reunião com a Claro e para os sites PORTFOLIO TBSA será necessário apresentação apenas do chamado do sistema Acesites na Central da Claro para retirada de chaves.
 
Encaminhar o formulário via e-mail SUPNOC por e-mail para encaminharmos para Claro.
 
Obs.: Atividade precisa estar aprovada, vigente e o nome do colaborador na lista.
 
ENDEREÇO DA CENTRAL DOS SITES em MG: RUA ESPÍRITO SANTO N°1000 - CENTRO

Maria Eduarda"
427600,TCMGBHO0042,MGOUP05,Liberado,07/10/2026,AVENIDA  MAURETTE JOSE DOS SANTOS 237,BH,Rafael Porto Alves da Cruz,"""Após a aprovação do chamado em nosso sistema o técnico deverá baixar o APP em seu celular.
NOME DO APLICATIVO: MASTER LOCK VAULT ENTERPRISE:
•	Após acesso liberado via acesites e cadastro interno do sistema o técnico receberá um e-mail (noreply@masterlockvault.com) com uma senha provisória.
•	No primeiro acesso deverão ser preenchidos os campos a seguir:
•	ORGANIZATION ID: TORRESDOBRASIL 
•	EMAIL: Preencher e-mail cadastrado em nosso sistema Acesites
•	PASSWORD: Senha provisória recebida no e-mail (Verificar Lixo Eletrônico).
•	Configurar o celular para permitir o aplicativo utilizar a localização do aparelho durante o uso do APP (Configuração varia de acordo com o modelo do celular)

Após baixar o APP entrar em contato com o NOC TBSA para dar entrada ao site:
NOC (21) 2391 9487""
Maria Eduarda R."
417072,TCMGFDM0001,MGFDMR1,Liberado,22/09/2026,AVENIDA  MONSENHOR MANCINI- 108,SUL,Adriano Francisco de Paula,"""Para os acessos da Regional de MG, foi realizado uma reunião com a Claro e para os sites PORTFOLIO TBSA será necessário apresentação apenas do chamado do sistema Acesites na Central da Claro para retirada de chaves.
 
Encaminhar o formulário via e-mail SUPNOC por e-mail para encaminharmos para Claro.
 
Obs.: Atividade precisa estar aprovada, vigente e o nome do colaborador na lista.
 
ENDEREÇO DA CENTRAL DOS SITES em MG: RUA ESPÍRITO SANTO N°1000 - CENTRO""
Maria Eduarda"
427951,TCMGURA0004,MGURA12,Liberado,18/10/2026,AVENIDA  ODILON FERNANDES 205,OESTE,Arthur Gomes de Paulo,"Carta encaminhada ao local.
Problemas de acesso, acionar o NOC TBSA 21 2391-9487 (wpp/lig) com os técnicos no local para tratarmos pontualmente.
Melissa Sato"
427941,TCMGUBE0006,MGULA33,Liberado,18/10/2026,AVENIDA  ORTIZIO BORGES SN,OESTE,Arthur Gomes de Paulo,"Após a aprovação do chamado em nosso sistema o técnico deverá baixar o APP em seu celular.
NOME DO APLICATIVO: MASTER LOCK VAULT ENTERPRISE:
•	Após acesso liberado via acesites e cadastro interno do sistema o técnico receberá um e-mail (noreply@masterlockvault.com) com uma senha provisória.
•	No primeiro acesso deverão ser preenchidos os campos a seguir:
•	ORGANIZATION ID: TORRESDOBRASIL
•	EMAIL: Preencher e-mail cadastrado em nosso sistema Acesites
•	PASSWORD: Senha provisória recebida no e-mail (Verificar Lixo Eletrônico).
•	Configurar o celular para permitir o aplicativo utilizar a localização do aparelho durante o uso do APP (Configuração varia de acordo com o modelo do celular)
Após baixar o APP entrar em contato com o NOC TBSA para dar entrada ao site:
NOC (21) 2391 9487

Deborah Perotti"
427786,TCMGSLG0005,MGSLG18,Liberado,07/10/2026,AVENIDA  OTAVIO CAMPELO RIBEIRO 2801,METROPOLITANO,Leandro de Menezes Assunção,"EM CASO DE ACESSO FORA DO HORARIO COMERCIAL, ENTRAR EM CONTATO COM O NOC PARA COMUNICAR O GESTOR RESPONSÁVEL

Carta encaminhada ao local.
Problemas de acesso, acionar o NOC TBSA 21 2391-9487 (wpp/lig) com os técnicos no local para tratarmos pontualmente.
Melissa Sato"
417070,TCMGFAM0001,MGFAM01,Liberado,22/09/2026,AVENIDA  PADRE JOSE NASSER- 142,SUL,Adriano Francisco de Paula,"Para os acessos da Regional de MG, foi realizado uma reunião com a Claro e para os sites PORTFOLIO TBSA será necessário apresentação apenas do chamado do sistema Acesites na Central da Claro para retirada de chaves.
 
Encaminhar o formulário via e-mail SUPNOC por e-mail para encaminharmos para Claro.
 
Obs.: Atividade precisa estar aprovada, vigente e o nome do colaborador na lista.
 
ENDEREÇO DA CENTRAL DOS SITES em MG: RUA ESPÍRITO SANTO N°1000 - CENTRO.

Maria Eduarda"
427712,TCMGDIV0007,MGDIV11,Liberado,07/10/2026,AVENIDA  PARANA- 1960,METROPOLITANO,Leandro de Menezes Assunção,"Direcionar os técnicos com a carta de liberação em mãos.
Problemas de acesso, acionar o NOC TBSA 21 2391-9487 (wpp/lig) com os técnicos no local para tratarmos pontualmente.

Deborah Perotti"
427587,TCMGBHO0022,MGCEN25,Liberado,07/10/2026,AVENIDA  PARANA- 485,BH,Renato Parreiras,"Carta encaminhada ao local.
Problemas de acesso, acionar o NOC TBSA 21 2391-9487 (wpp) com os técnicos no local para tratarmos pontualmente.

Ellen P"
427816,TCMGJZF0005,MGJZF21,Liberado,07/10/2026,AVENIDA  PRES JUSCELINO KUBITSCHECK SN,ZONA DA MATA,André Valério de Paiva,"Após a aprovação do chamado em nosso sistema o técnico deverá baixar o APP em seu celular.
NOME DO APLICATIVO: MASTER LOCK VAULT ENTERPRISE:
•	Após acesso liberado via acesites e cadastro interno do sistema o técnico receberá um e-mail (noreply@masterlockvault.com) com uma senha provisória.
•	No primeiro acesso deverão ser preenchidos os campos a seguir:
•	ORGANIZATION ID: TORRESDOBRASIL
•	EMAIL: Preencher e-mail cadastrado em nosso sistema Acesites
•	PASSWORD: Senha provisória recebida no e-mail (Verificar Lixo Eletrônico).
•	Configurar o celular para permitir o aplicativo utilizar a localização do aparelho durante o uso do APP (Configuração varia de acordo com o modelo do celular)
Após baixar o APP entrar em contato com o NOC TBSA para dar entrada ao site:
NOC (21) 2391 9487

Deborah Perotti"
427612,TCMGBHO0056,MGSAV13,Liberado,07/10/2026,AVENIDA  PRUDENTE DE MORAIS 287,BH,Renato Parreiras,"Carta encaminhada ao local.
Problemas de acesso, acionar o NOC TBSA 21 2391-9487 (wpp/lig) com os técnicos no local para tratarmos pontualmente.

Maria Eduarda"
427621,TCMGBHO0064,MGCJA14,Liberado,07/10/2026,AVENIDA  RAJA GABAGLIA 1123,BH,Renato Parreiras,"EDIFÍCIO BEVERY HILLS PORTA: CHAVE ESPECÍFICA NA PORTARIA/ ACESSO SOMENTE DAS 8HS ÀS 16H DEPOIS DESSE HORÁRIO NÃO ENTRA .
 Carta encaminhada ao local.
Problemas de acesso, acionar o NOC TBSA 21 2391-9487 (wpp) com os técnicos no local para tratarmos pontualmente.

Maria Eduarda"
427901,TCMGBHO0028,MGCJA11,Liberado,23/10/2026,AVENIDA  RAJA GABAGLIA- 3950,BH,Renato Parreiras,"Carta encaminhada ao local.
Problemas de acesso, acionar o NOC TBSA 21 2391-9487 (wpp/lig) com os técnicos no local para tratarmos pontualmente.
Melissa Sato"
428001,TCMGAIM0001,MGAIM01,Liberado,17/10/2026,AVENIDA  RAUL SOARES- 310,LESTE,Paulo De Freitas Pereira,"""“Para os acessos da Regional MG, foi realizada uma reunião com a Claro e ficou definido que, para os sites do portfólio TBSA, será necessária apenas a apresentação do chamado do sistema Acesites na Central da Claro para retirada das chaves. Para isso, deverá ser encaminhado um e-mail para Vanessa (vanessa.barros.terceiros@siteslatam.com.br), solicitando o formulário para preenchimento e liberação das chaves.
Observações:
A atividade deve estar aprovada e vigente no sistema.
O nome do colaborador deve constar na lista de autorização.
O endereço para retirada das chaves será encaminhado pelo responsável da Central via e-mail.”""

Melissa Sato"
417043,TCMGCDC0002,MGCDCR1,Liberado,22/09/2026,AVENIDA  SAMUEL CARVALHO- SN,SUL,Adriano Francisco de Paula,"""Para os acessos da Regional de MG, foi realizado uma reunião com a Claro e para os sites PORTFOLIO TBSA será necessário apresentação apenas do chamado do sistema Acesites na Central da Claro para retirada de chaves.
 
Encaminhar o formulário via e-mail SUPNOC por e-mail para encaminharmos para Claro.
 
Obs.: Atividade precisa estar aprovada, vigente e o nome do colaborador na lista.
 
ENDEREÇO DA CENTRAL DOS SITES em MG: RUA ESPÍRITO SANTO N°1000 - CENTRO""
Maria Eduarda"
427597,TCMGBHO0039,MGFTA18,Liberado,07/10/2026,AVENIDA  SANTA TEREZA 767,BH,Rafael Porto Alves da Cruz,"Após a aprovação do chamado em nosso sistema o técnico deverá baixar o APP em seu celular.
NOME DO APLICATIVO: MASTER LOCK VAULT ENTERPRISE:
•	Após acesso liberado via acesites e cadastro interno do sistema o técnico receberá um e-mail (noreply@masterlockvault.com) com uma senha provisória.
•	No primeiro acesso deverão ser preenchidos os campos a seguir:
•	ORGANIZATION ID: TORRESDOBRASIL 
•	EMAIL: Preencher e-mail cadastrado em nosso sistema Acesites
•	PASSWORD: Senha provisória recebida no e-mail (Verificar Lixo Eletrônico).
•	Configurar o celular para permitir o aplicativo utilizar a localização do aparelho durante o uso do APP (Configuração varia de acordo com o modelo do celular)

Após baixar o APP entrar em contato com o NOC TBSA para dar entrada ao site:
NOC (21) 2391 9487
Maria Eduarda R."
427911,TCMGARX0002,MGARX10,Liberado,18/10/2026,AVENIDA  SEBASTIAO FERREIRA PINTO 420 SN,OESTE,Arthur Gomes de Paulo,"Após a aprovação do chamado em nosso sistema o técnico deverá baixar o APP em seu celular.
NOME DO APLICATIVO: MASTER LOCK VAULT ENTERPRISE:
•	Após acesso liberado via acesites e cadastro interno do sistema o técnico receberá um e-mail (noreply@masterlockvault.com) com uma senha provisória.
•	No primeiro acesso deverão ser preenchidos os campos a seguir:
•	ORGANIZATION ID: TORRESDOBRASIL
•	EMAIL: Preencher e-mail cadastrado em nosso sistema Acesites
•	PASSWORD: Senha provisória recebida no e-mail (Verificar Lixo Eletrônico).
•	Configurar o celular para permitir o aplicativo utilizar a localização do aparelho durante o uso do APP (Configuração varia de acordo com o modelo do celular)
Após baixar o APP entrar em contato com o NOC TBSA para dar entrada ao site:
NOC (21) 2391 9487

Deborah Perotti"
427571,TCMGBET0006,MGBET20,Liberado,07/10/2026,AVENIDA  TAPAJOS 3470,BH,Renato Parreiras,"""Após a aprovação do chamado em nosso sistema o técnico deverá baixar o APP em seu celular.
NOME DO APLICATIVO: MASTER LOCK VAULT ENTERPRISE:
•	Após acesso liberado via acesites e cadastro interno do sistema o técnico receberá um e-mail (noreply@masterlockvault.com) com uma senha provisória.
•	No primeiro acesso deverão ser preenchidos os campos a seguir:
•	ORGANIZATION ID: TORRESDOBRASIL
•	EMAIL: Preencher e-mail cadastrado em nosso sistema Acesites
•	PASSWORD: Senha provisória recebida no e-mail (Verificar Lixo Eletrônico).
•	Configurar o celular para permitir o aplicativo utilizar a localização do aparelho durante o uso do APP (Configuração varia de acordo com o modelo do celular)

Após baixar o APP entrar em contato com o NOC TBSA para dar entrada ao site:
NOC (21) 2391 9487""
Maria Eduarda R."
427920,TCMGIUA0001,MGIUA03,Liberado,18/10/2026,AVENIDA  TREZE 658,OESTE,Arthur Gomes de Paulo,"Carta encaminhada ao local.
Problemas de acesso, acionar o NOC TBSA 21 2391-9487 (wpp/lig) com os técnicos no local para tratarmos pontualmente.
Melissa Sato"
427965,TCMGMIB0001,MGMIB01,Liberado,17/10/2026,AVENIDA  WALDEMAR RABELO DA SILVA- SN,NORTE,Paulo De Freitas Pereira,"“Para os acessos da Regional MG, foi realizada uma reunião com a Claro e ficou definido que, para os sites do portfólio TBSA, será necessária apenas a apresentação do chamado do sistema Acesites na Central da Claro para retirada das chaves. Para isso, deverá ser encaminhado um e-mail para Vanessa (vanessa.barros.terceiros@siteslatam.com.br), solicitando o formulário para preenchimento e liberação das chaves.
Observações:
A atividade deve estar aprovada e vigente no sistema.
O nome do colaborador deve constar na lista de autorização.
O endereço para retirada das chaves será encaminhado pelo responsável da Central via e-mail.”

Deborah Perotti"
427634,TCMGBHO0077,MGCJA16,Liberado,07/10/2026,AVENIDA DO CONTORNO 6777- SN,BH,Renato Parreiras,"Carta encaminhada ao local.
Problemas de acesso, acionar o NOC TBSA 21 2391-9487 (wpp/lig) com os técnicos no local para tratarmos pontualmente.

Maria Eduarda"
427938,TCMGUBE0003,MGULA32,Liberado,18/10/2026,AVENIDA JOSE ZACHARIAS JUNQUEIRA 190,OESTE,Arthur Gomes de Paulo,"Carta encaminhada ao local.
Problemas de acesso, acionar o NOC TBSA 21 2391-9487 (wpp/lig) com os técnicos no local para tratarmos pontualmente.
Melissa Sato"
427637,TCMGBHO0080,MGBRT25,Liberado,07/10/2026,AVENIDA RAJA GABAGLIA 1686,BH,Renato Parreiras,"Carta encaminhada ao local.
Problemas de acesso, acionar o NOC TBSA 21 2391-9487 (wpp/lig) com os técnicos no local para tratarmos pontualmente.

Maria Eduarda"
427635,TCMGBHO0078,MGCJA17,Liberado,07/10/2026,AVENIDA RAJA GABAGLIA 2640,BH,Renato Parreiras,"Carta encaminhada ao local.
Problemas de acesso, acionar o NOC TBSA 21 2391-9487 (wpp/lig) com os técnicos no local para tratarmos pontualmente.

Maria Eduarda"
381343,TCMGJZF0016,MGJZF56,Reprovado,29/08/2026,AVENIDA RIO BRANCO 1871,ZONA DA MATA,André Valério de Paiva,"Favor anexar formulário de acesso modelo Rooftop em formato word padrão Acesites.

Gabriel Cerqueira"
427796,TCMGVDO0001,MGVDO02,Liberado,07/10/2026,BARBACENA SN,METROPOLITANO,Leandro de Menezes Assunção,"Após a aprovação do chamado em nosso sistema o técnico deverá baixar o APP em seu celular.
NOME DO APLICATIVO: MASTER LOCK VAULT ENTERPRISE:
•	Após acesso liberado via acesites e cadastro interno do sistema o técnico receberá um e-mail (noreply@masterlockvault.com) com uma senha provisória.
•	No primeiro acesso deverão ser preenchidos os campos a seguir:
•	ORGANIZATION ID: TORRESDOBRASIL
•	EMAIL: Preencher e-mail cadastrado em nosso sistema Acesites
•	PASSWORD: Senha provisória recebida no e-mail (Verificar Lixo Eletrônico).
•	Configurar o celular para permitir o aplicativo utilizar a localização do aparelho durante o uso do APP (Configuração varia de acordo com o modelo do celular)
Após baixar o APP entrar em contato com o NOC TBSA para dar entrada ao site:
NOC (21) 2391 9487

Deborah Perotti"
417163,TCMGDIS0001,MGDIS01,Liberado,22/09/2026,BOA VISTA   CORREGO DO BURRO- SN,ZONA DA MATA,André Valério de Paiva,"""Para os acessos da Regional de MG, foi realizado uma reunião com a Claro e para os sites PORTFOLIO TBSA será necessário apresentação apenas do chamado do sistema Acesites na Central da Claro para retirada de chaves.
 
Encaminhar o formulário via e-mail SUPNOC por e-mail para encaminharmos para Claro.
 
Obs.: Atividade precisa estar aprovada, vigente e o nome do colaborador na lista.
 
ENDEREÇO DA CENTRAL DOS SITES em MG: RUA ESPÍRITO SANTO N°1000 - CENTRO""

Melissa Sato"
428035,TCMGSME0001,MGSME01,Aguardando Aprovação,17/10/2026,BOA VISTA  VISTA ALEGRE SN,LESTE,Paulo De Freitas Pereira,
417155,TCMGBCD0001,MGBCD01,Liberado,22/09/2026,BOCAINA DE MINAS 37340000- SN,ZONA DA MATA,André Valério de Paiva,"""Para os acessos da Regional de MG, foi realizado uma reunião com a Claro e para os sites PORTFOLIO TBSA será necessário apresentação apenas do chamado do sistema Acesites na Central da Claro para retirada de chaves.
 
Encaminhar o formulário via e-mail SUPNOC por e-mail para encaminharmos para Claro.
 
Obs.: Atividade precisa estar aprovada, vigente e o nome do colaborador na lista.
 
ENDEREÇO DA CENTRAL DOS SITES em MG: RUA ESPÍRITO SANTO N°1000 - CENTRO""

Melissa Sato"
417157,TCMGBJA0001,MGBJA01,Liberado,22/09/2026,BOM JARDIM DE MINAS 37310000 SN,ZONA DA MATA,André Valério de Paiva,"SEGREDO: 0001

Melissa Sato"
427717,TCMGDIV0014,MGDIV26,Aguardando Aprovação,07/10/2026,BOSTON SN,METROPOLITANO,Leandro de Menezes Assunção,
427817,TCMGJZF0017,MGJZF47,Liberado,07/10/2026,BR 040,ZONA DA MATA,André Valério de Paiva,"SITE LOCALIZADO NA ARCELLOR MITAL SEGREDO 8398.

“Para os acessos da Regional MG, foi realizada uma reunião com a Claro e ficou definido que, para os sites do portfólio TBSA, será necessária apenas a apresentação do chamado do sistema Acesites na Central da Claro para retirada das chaves. Para isso, deverá ser encaminhado um e-mail para Vanessa (vanessa.barros.terceiros@siteslatam.com.br), solicitando o formulário para preenchimento e liberação das chaves.
Observações:
A atividade deve estar aprovada e vigente no sistema.
O nome do colaborador deve constar na lista de autorização.
O endereço para retirada das chaves será encaminhado pelo responsável da Central via e-mail.”

Deborah perotti"
428017,TCMGMNH0002,MGMNHR1,Liberado,17/10/2026,BR 116 FAZENDA STA CATARINA- SN,LESTE,Paulo De Freitas Pereira,"SEGREDO 5000

Melissa Sato"
427971,TCMGCPE0003,MGCPE01,Liberado,17/11/2026,BR 122,NORTE,Paulo De Freitas Pereira,"SEGREDO SBA 5886

Após a aprovação do chamado em nosso sistema o técnico deverá baixar o APP em seu celular.
NOME DO APLICATIVO: MASTER LOCK VAULT ENTERPRISE:
•	Após acesso liberado via acesites e cadastro interno do sistema o técnico receberá um e-mail (noreply@masterlockvault.com) com uma senha provisória.
•	No primeiro acesso deverão ser preenchidos os campos a seguir:
•	ORGANIZATION ID: TORRESDOBRASIL
•	EMAIL: Preencher e-mail cadastrado em nosso sistema Acesites
•	PASSWORD: Senha provisória recebida no e-mail (Verificar Lixo Eletrônico).
•	Configurar o celular para permitir o aplicativo utilizar a localização do aparelho durante o uso do APP (Configuração varia de acordo com o modelo do celular)
Após baixar o APP entrar em contato com o NOC TBSA para dar entrada ao site:
NOC (21) 2391 9487

Deborah Perotti"
427993,TEMGMCL0005,MGMCL11,Liberado,17/11/2026,BR 135KM 335,NORTE,Paulo De Freitas Pereira,"PROTECAES // PADRÃO CONTEINER

""“Para os acessos da Regional MG, foi realizada uma reunião com a Claro e ficou definido que, para os sites do portfólio TBSA, será necessária apenas a apresentação do chamado do sistema Acesites na Central da Claro para retirada das chaves. Para isso, deverá ser encaminhado um e-mail para Vanessa (vanessa.barros.terceiros@siteslatam.com.br), solicitando o formulário para preenchimento e liberação das chaves.
Observações:
A atividade deve estar aprovada e vigente no sistema.
O nome do colaborador deve constar na lista de autorização.
O endereço para retirada das chaves será encaminhado pelo responsável da Central via e-mail.”""

Melissa Sato"
427970,TEMGMCL0007,MGMCLR1,Liberado,17/10/2026,BR 135KM 391,NORTE,Paulo De Freitas Pereira,"“Para os acessos da Regional MG, foi realizada uma reunião com a Claro e ficou definido que, para os sites do portfólio TBSA, será necessária apenas a apresentação do chamado do sistema Acesites na Central da Claro para retirada das chaves. Para isso, deverá ser encaminhado um e-mail para Vanessa (vanessa.barros.terceiros@siteslatam.com.br), solicitando o formulário para preenchimento e liberação das chaves.
Observações:
A atividade deve estar aprovada e vigente no sistema.
O nome do colaborador deve constar na lista de autorização.
O endereço para retirada das chaves será encaminhado pelo responsável da Central via e-mail.”


Deborah Perotti"
428023,TCMGRDT0002,MGRDTR1,Liberado,17/10/2026,BR 262- SN,LESTE,Paulo De Freitas Pereira,"""“Para os acessos da Regional MG, foi realizada uma reunião com a Claro e ficou definido que, para os sites do portfólio TBSA, será necessária apenas a apresentação do chamado do sistema Acesites na Central da Claro para retirada das chaves. Para isso, deverá ser encaminhado um e-mail para Vanessa (vanessa.barros.terceiros@siteslatam.com.br), solicitando o formulário para preenchimento e liberação das chaves.
Observações:
A atividade deve estar aprovada e vigente no sistema.
O nome do colaborador deve constar na lista de autorização.
O endereço para retirada das chaves será encaminhado pelo responsável da Central via e-mail.”""

Melissa Sato"
427732,TCMGITG0002,MGITGR1,Aguardando Aprovação,07/10/2026,BR 381 SN,METROPOLITANO,Leandro de Menezes Assunção,
417098,TCMGMSP0002,MGMSPR1,Liberado,22/09/2026,BR 381- SN,SUL,Adriano Francisco de Paula,"""Para os acessos da Regional de MG, foi realizado uma reunião com a Claro e para os sites PORTFOLIO TBSA será necessário apresentação apenas do chamado do sistema Acesites na Central da Claro para retirada de chaves.
 
Encaminhar o formulário via e-mail SUPNOC por e-mail para encaminharmos para Claro.
 
Obs.: Atividade precisa estar aprovada, vigente e o nome do colaborador na lista.
 
ENDEREÇO DA CENTRAL DOS SITES em MG: RUA ESPÍRITO SANTO N°1000 - CENTRO""

Thais Fernandes"
417151,TCMGBBC0003,MGBBC08,Liberado,22/09/2026,BR040- SN,ZONA DA MATA,André Valério de Paiva,"""Para os acessos da Regional de MG, foi realizado uma reunião com a Claro e para os sites PORTFOLIO TBSA será necessário apresentação apenas do chamado do sistema Acesites na Central da Claro para retirada de chaves.
 
Encaminhar o formulário via e-mail SUPNOC por e-mail para encaminharmos para Claro.
 
Obs.: Atividade precisa estar aprovada, vigente e o nome do colaborador na lista.
 
ENDEREÇO DA CENTRAL DOS SITES em MG: RUA ESPÍRITO SANTO N°1000 - CENTRO""

Melissa Sato"
428025,TCMGRSO0001,MGRSO01,Liberado,17/10/2026,CACHOEIRA COMPRIDA- SN,LESTE,Paulo De Freitas Pereira,"SEGREDO 5000

Melissa Sato"
417162,TCMGCYK0001,MGCYK01,Liberado,22/09/2026,CAIANA 36832000- SN,ZONA DA MATA,André Valério de Paiva,"""Para os acessos da Regional de MG, foi realizado uma reunião com a Claro e para os sites PORTFOLIO TBSA será necessário apresentação apenas do chamado do sistema Acesites na Central da Claro para retirada de chaves.
 
Encaminhar o formulário via e-mail SUPNOC por e-mail para encaminharmos para Claro.
 
Obs.: Atividade precisa estar aprovada, vigente e o nome do colaborador na lista.
 
ENDEREÇO DA CENTRAL DOS SITES em MG: RUA ESPÍRITO SANTO N°1000 - CENTRO""

Melissa Sato"
417067,TCMGEXT0001,MGEXT01,Liberado,22/09/2026,CHACARA DOIS IRMAOS- SN,SUL,Adriano Francisco de Paula,"""Para os acessos da Regional de MG, foi realizado uma reunião com a Claro e para os sites PORTFOLIO TBSA será necessário apresentação apenas do chamado do sistema Acesites na Central da Claro para retirada de chaves.
 
Encaminhar o formulário via e-mail SUPNOC por e-mail para encaminharmos para Claro.
 
Obs.: Atividade precisa estar aprovada, vigente e o nome do colaborador na lista.
 
Maria Eduarda 

ENDEREÇO DA CENTRAL DOS SITES em MG: RUA ESPÍRITO SANTO N°1000 - CENTRO""
Maria Eduarda"
417107,TCMGPOU0001,MGPOA04,Liberado,22/09/2026,CHACARA SANTA MARIA SN,SUL,Adriano Francisco de Paula,"Após a aprovação do chamado em nosso sistema o técnico deverá baixar o APP em seu celular.
NOME DO APLICATIVO: MASTER LOCK VAULT ENTERPRISE:
•	Após acesso liberado via acesites e cadastro interno do sistema o técnico receberá um e-mail (noreply@masterlockvault.com) com uma senha provisória.
•	No primeiro acesso deverão ser preenchidos os campos a seguir:
•	ORGANIZATION ID: TORRESDOBRASIL 
•	EMAIL: Preencher e-mail cadastrado em nosso sistema Acesites
•	PASSWORD: Senha provisória recebida no e-mail (Verificar Lixo Eletrônico).
•	Configurar o celular para permitir o aplicativo utilizar a localização do aparelho durante o uso do APP (Configuração varia de acordo com o modelo do celular)

Após baixar o APP entrar em contato com o NOC TBSA para dar entrada ao site:
NOC (21) 2391 9487



Thais Fernandes"
417132,TCMGSRC0001,MGSRC01,Liberado,22/09/2026,CHACARA SAO JUDAS TADEU SN,SUL,Adriano Francisco de Paula,"SEGREDO:0001


Thais Fernandes"
417166,TCMGEFZ0002,MGEFZ02,Liberado,22/09/2026,CHACARA SITIO MORRO DO WALTAIR- SN,ZONA DA MATA,André Valério de Paiva,"""Para os acessos da Regional de MG, foi realizado uma reunião com a Claro e para os sites PORTFOLIO TBSA será necessário apresentação apenas do chamado do sistema Acesites na Central da Claro para retirada de chaves.
 
Encaminhar o formulário via e-mail SUPNOC por e-mail para encaminharmos para Claro.
 
Obs.: Atividade precisa estar aprovada, vigente e o nome do colaborador na lista.
 
ENDEREÇO DA CENTRAL DOS SITES em MG: RUA ESPÍRITO SANTO N°1000 - CENTRO""

Melissa Sato"
417133,TCMGSRS0001,MGSRS01,Liberado,22/09/2026,CHACARA TOQUINHO SALES- SN,SUL,Adriano Francisco de Paula,"""Para os acessos da Regional de MG, foi realizado uma reunião com a Claro e para os sites PORTFOLIO TBSA será necessário apresentação apenas do chamado do sistema Acesites na Central da Claro para retirada de chaves.
 
Encaminhar o formulário via e-mail SUPNOC por e-mail para encaminharmos para Claro.
 
Obs.: Atividade precisa estar aprovada, vigente e o nome do colaborador na lista.
 
ENDEREÇO DA CENTRAL DOS SITES em MG: RUA ESPÍRITO SANTO N°1000 - CENTRO""


Thais Fernandes"
428098,TEMGMTN0001,MGMNT80,Liberado,17/11/2026,CÓRREGO AFLUENTE DO TURVO- FC,LESTE,Paulo De Freitas Pereira,"""“Para os acessos da Regional MG, foi realizada uma reunião com a Claro e ficou definido que, para os sites do portfólio TBSA, será necessária apenas a apresentação do chamado do sistema Acesites na Central da Claro para retirada das chaves. Para isso, deverá ser encaminhado um e-mail para Vanessa (vanessa.barros.terceiros@siteslatam.com.br), solicitando o formulário para preenchimento e liberação das chaves.
Observações:
A atividade deve estar aprovada e vigente no sistema.
O nome do colaborador deve constar na lista de autorização.
O endereço para retirada das chaves será encaminhado pelo responsável da Central via e-mail.”""

Melissa Sato"
428073,TCMGLJN0001,MGLJN01,Liberado,17/11/2026,CORREGO CARVALHINHO SN,LESTE,Paulo De Freitas Pereira,"""Após a aprovação do chamado em nosso sistema o técnico deverá baixar o APP em seu celular.
NOME DO APLICATIVO: MASTER LOCK VAULT ENTERPRISE:
•	Após acesso liberado via acesites e cadastro interno do sistema o técnico receberá um e-mail (noreply@masterlockvault.com) com uma senha provisória.
•	No primeiro acesso deverão ser preenchidos os campos a seguir:
•	ORGANIZATION ID: TORRESDOBRASIL
•	EMAIL: Preencher e-mail cadastrado em nosso sistema Acesites
•	PASSWORD: Senha provisória recebida no e-mail (Verificar Lixo Eletrônico).
•	Configurar o celular para permitir o aplicativo utilizar a localização do aparelho durante o uso do APP (Configuração varia de acordo com o modelo do celular)

Após baixar o APP entrar em contato com o NOC TBSA para dar entrada ao site:
NOC (21) 2391 9487""

Melissa Sato"
428080,TCMGMNH0005,MGMNHR3,Liberado,17/11/2026,CORREGO DA PEROBA FAZENDA PALESTINA SN,LESTE,Paulo De Freitas Pereira,"""Após a aprovação do chamado em nosso sistema o técnico deverá baixar o APP em seu celular.
NOME DO APLICATIVO: MASTER LOCK VAULT ENTERPRISE:
•	Após acesso liberado via acesites e cadastro interno do sistema o técnico receberá um e-mail (noreply@masterlockvault.com) com uma senha provisória.
•	No primeiro acesso deverão ser preenchidos os campos a seguir:
•	ORGANIZATION ID: TORRESDOBRASIL
•	EMAIL: Preencher e-mail cadastrado em nosso sistema Acesites
•	PASSWORD: Senha provisória recebida no e-mail (Verificar Lixo Eletrônico).
•	Configurar o celular para permitir o aplicativo utilizar a localização do aparelho durante o uso do APP (Configuração varia de acordo com o modelo do celular)

Após baixar o APP entrar em contato com o NOC TBSA para dar entrada ao site:
NOC (21) 2391 9487""

Melissa Sato"
428005,TCMGBJG0001,MGBJG01,Liberado,17/10/2026,CORREGO DO MURICI- SN,LESTE,Paulo De Freitas Pereira,"""“Para os acessos da Regional MG, foi realizada uma reunião com a Claro e ficou definido que, para os sites do portfólio TBSA, será necessária apenas a apresentação do chamado do sistema Acesites na Central da Claro para retirada das chaves. Para isso, deverá ser encaminhado um e-mail para Vanessa (vanessa.barros.terceiros@siteslatam.com.br), solicitando o formulário para preenchimento e liberação das chaves.
Observações:
A atividade deve estar aprovada e vigente no sistema.
O nome do colaborador deve constar na lista de autorização.
O endereço para retirada das chaves será encaminhado pelo responsável da Central via e-mail.”""

Melissa Sato"
428051,TEMGINH0001,MGYAU80,Liberado,17/10/2026,CORREGO DO PARADO-,LESTE,Paulo De Freitas Pereira,"Carta encaminhada ao local

""“Para os acessos da Regional MG, foi realizada uma reunião com a Claro e ficou definido que, para os sites do portfólio TBSA, será necessária apenas a apresentação do chamado do sistema Acesites na Central da Claro para retirada das chaves. Para isso, deverá ser encaminhado um e-mail para Vanessa (vanessa.barros.terceiros@siteslatam.com.br), solicitando o formulário para preenchimento e liberação das chaves.
Observações:
A atividade deve estar aprovada e vigente no sistema.
O nome do colaborador deve constar na lista de autorização.
O endereço para retirada das chaves será encaminhado pelo responsável da Central via e-mail.”""

Melissa Sato"
417170,TCMGFVD0001,MGFVD01,Liberado,22/09/2026,CORREGO DO TIJUCO- SN,ZONA DA MATA,André Valério de Paiva,"""Para os acessos da Regional de MG, foi realizado uma reunião com a Claro e para os sites PORTFOLIO TBSA será necessário apresentação apenas do chamado do sistema Acesites na Central da Claro para retirada de chaves.
 
Encaminhar o formulário via e-mail SUPNOC por e-mail para encaminharmos para Claro.
 
Obs.: Atividade precisa estar aprovada, vigente e o nome do colaborador na lista.
 
ENDEREÇO DA CENTRAL DOS SITES em MG: RUA ESPÍRITO SANTO N°1000 - CENTRO""

Melissa Sato"
428006,TCMGBJG0002,MGCRN80,Liberado,17/10/2026,CORREGO MURICI- SN,LESTE,Paulo De Freitas Pereira,"""“Para os acessos da Regional MG, foi realizada uma reunião com a Claro e ficou definido que, para os sites do portfólio TBSA, será necessária apenas a apresentação do chamado do sistema Acesites na Central da Claro para retirada das chaves. Para isso, deverá ser encaminhado um e-mail para Vanessa (vanessa.barros.terceiros@siteslatam.com.br), solicitando o formulário para preenchimento e liberação das chaves.
Observações:
A atividade deve estar aprovada e vigente no sistema.
O nome do colaborador deve constar na lista de autorização.
O endereço para retirada das chaves será encaminhado pelo responsável da Central via e-mail.”""

Melissa Sato"
428044,TCMGTMR0001,MGTMRR1,Liberado,17/10/2026,CORREGO QUEBRA COCO- SN,LESTE,Paulo De Freitas Pereira,"""“Para os acessos da Regional MG, foi realizada uma reunião com a Claro e ficou definido que, para os sites do portfólio TBSA, será necessária apenas a apresentação do chamado do sistema Acesites na Central da Claro para retirada das chaves. Para isso, deverá ser encaminhado um e-mail para Vanessa (vanessa.barros.terceiros@siteslatam.com.br), solicitando o formulário para preenchimento e liberação das chaves.
Observações:
A atividade deve estar aprovada e vigente no sistema.
O nome do colaborador deve constar na lista de autorização.
O endereço para retirada das chaves será encaminhado pelo responsável da Central via e-mail.”""

Melissa Sato"
428038,TCMGSMW0003,MGSMA81,Liberado,17/10/2026,CORREGO SAO PAULO- SN,LESTE,Paulo De Freitas Pereira,"""“Para os acessos da Regional MG, foi realizada uma reunião com a Claro e ficou definido que, para os sites do portfólio TBSA, será necessária apenas a apresentação do chamado do sistema Acesites na Central da Claro para retirada das chaves. Para isso, deverá ser encaminhado um e-mail para Vanessa (vanessa.barros.terceiros@siteslatam.com.br), solicitando o formulário para preenchimento e liberação das chaves.
Observações:
A atividade deve estar aprovada e vigente no sistema.
O nome do colaborador deve constar na lista de autorização.
O endereço para retirada das chaves será encaminhado pelo responsável da Central via e-mail.”""

Melissa Sato"
427701,TCMGBLL0001,MGBLL01,Aguardando Aprovação,07/10/2026,COZINHEIRO- SN,METROPOLITANO,Arthur Santos de Oliveira,
427636,TCMGBHO0079,MGCEN36,Liberado,07/10/2026,DA BAHIA- 1345,BH,Renato Parreiras,"Carta encaminhada ao local.
Problemas de acesso, acionar o NOC TBSA 21 2391-9487 (wpp/lig) com os técnicos no local para tratarmos pontualmente.

Maria Eduarda"
427972,TCMGCRJ0001,MGCRJ01,Liberado,17/11/2026,DA MANGA- SN,NORTE,Paulo De Freitas Pereira,"“Para os acessos da Regional MG, foi realizada uma reunião com a Claro e ficou definido que, para os sites do portfólio TBSA, será necessária apenas a apresentação do chamado do sistema Acesites na Central da Claro para retirada das chaves. Para isso, deverá ser encaminhado um e-mail para Vanessa (vanessa.barros.terceiros@siteslatam.com.br), solicitando o formulário para preenchimento e liberação das chaves.
Observações:
A atividade deve estar aprovada e vigente no sistema.
O nome do colaborador deve constar na lista de autorização.
O endereço para retirada das chaves será encaminhado pelo responsável da Central via e-mail.”


Deborah Perotti"
427681,TCMGSBR0004,MGSBR08,Liberado,07/10/2026,DA PONTE 12,BH,Rafael Porto Alves da Cruz,"Após a aprovação do chamado em nosso sistema o técnico deverá baixar o APP em seu celular.
NOME DO APLICATIVO: MASTER LOCK VAULT ENTERPRISE:
•	Após acesso liberado via acesites e cadastro interno do sistema o técnico receberá um e-mail (noreply@masterlockvault.com) com uma senha provisória.
•	No primeiro acesso deverão ser preenchidos os campos a seguir:
•	ORGANIZATION ID: TORRESDOBRASIL
•	EMAIL: Preencher e-mail cadastrado em nosso sistema Acesites
•	PASSWORD: Senha provisória recebida no e-mail (Verificar Lixo Eletrônico).
•	Configurar o celular para permitir o aplicativo utilizar a localização do aparelho durante o uso do APP (Configuração varia de acordo com o modelo do celular)
Após baixar o APP entrar em contato com o NOC TBSA para dar entrada ao site:
NOC (21) 2391 9487

Deborah Perotti"
427906,TCMGJZF0009,MGJZF33,Liberado,30/10/2026,DAS FLORES SN,ZONA DA MATA,André Valério de Paiva,"retirar chave do primeiro portão na Embratel Rua José calil Ahouagi 722 centro, 722 – 3º andar.

Após a aprovação do chamado em nosso sistema o técnico deverá baixar o APP em seu celular.
NOME DO APLICATIVO: MASTER LOCK VAULT ENTERPRISE:
•	Após acesso liberado via acesites e cadastro interno do sistema o técnico receberá um e-mail (noreply@masterlockvault.com) com uma senha provisória.
•	No primeiro acesso deverão ser preenchidos os campos a seguir:
•	ORGANIZATION ID: TORRESDOBRASIL
•	EMAIL: Preencher e-mail cadastrado em nosso sistema Acesites
•	PASSWORD: Senha provisória recebida no e-mail (Verificar Lixo Eletrônico).
•	Configurar o celular para permitir o aplicativo utilizar a localização do aparelho durante o uso do APP (Configuração varia de acordo com o modelo do celular)
Após baixar o APP entrar em contato com o NOC TBSA para dar entrada ao site:
NOC (21) 2391 9487

Deborah Perotti"
427793,TCMGSXT0001,MGSXT01,Liberado,07/10/2026,DIVISA COM CONDOMINIO JOSE SN,METROPOLITANO,Arthur Santos de Oliveira,"Após a aprovação do chamado em nosso sistema o técnico deverá baixar o APP em seu celular.
NOME DO APLICATIVO: MASTER LOCK VAULT ENTERPRISE:
•	Após acesso liberado via acesites e cadastro interno do sistema o técnico receberá um e-mail (noreply@masterlockvault.com) com uma senha provisória.
•	No primeiro acesso deverão ser preenchidos os campos a seguir:
•	ORGANIZATION ID: TORRESDOBRASIL
•	EMAIL: Preencher e-mail cadastrado em nosso sistema Acesites
•	PASSWORD: Senha provisória recebida no e-mail (Verificar Lixo Eletrônico).
•	Configurar o celular para permitir o aplicativo utilizar a localização do aparelho durante o uso do APP (Configuração varia de acordo com o modelo do celular)
Após baixar o APP entrar em contato com o NOC TBSA para dar entrada ao site:
NOC (21) 2391 9487

Deborah Perotti"
417110,TCMGPOU0005,MGPOA80,Liberado,22/09/2026,DO CRISTO,SUL,Adriano Francisco de Paula,"""Para os acessos da Regional de MG, foi realizado uma reunião com a Claro e para os sites PORTFOLIO TBSA será necessário apresentação apenas do chamado do sistema Acesites na Central da Claro para retirada de chaves.
 
Encaminhar o formulário via e-mail SUPNOC por e-mail para encaminharmos para Claro.
 
Obs.: Atividade precisa estar aprovada, vigente e o nome do colaborador na lista.
 
ENDEREÇO DA CENTRAL DOS SITES em MG: RUA ESPÍRITO SANTO N°1000 - CENTRO""


Thais Fernandes"
427661,TCMGMOE0002,MGMOE01,Liberado,07/10/2026,DO CRUZEIRO,BH,Renato Parreiras,"""Após a aprovação do chamado em nosso sistema o técnico deverá baixar o APP em seu celular.
NOME DO APLICATIVO: MASTER LOCK VAULT ENTERPRISE:
•	Após acesso liberado via acesites e cadastro interno do sistema o técnico receberá um e-mail (noreply@masterlockvault.com) com uma senha provisória.
•	No primeiro acesso deverão ser preenchidos os campos a seguir:
•	ORGANIZATION ID: TORRESDOBRASIL 
•	EMAIL: Preencher e-mail cadastrado em nosso sistema Acesites
•	PASSWORD: Senha provisória recebida no e-mail (Verificar Lixo Eletrônico).
•	Configurar o celular para permitir o aplicativo utilizar a localização do aparelho durante o uso do APP (Configuração varia de acordo com o modelo do celular)

Após baixar o APP entrar em contato com o NOC TBSA para dar entrada ao site:
NOC (21) 2391 9487""
Maria Eduarda R."
417141,TCMGVAR0007,MGVAR81,Liberado,22/09/2026,DO FORJAS/N,SUL,Adriano Francisco de Paula,"""Para os acessos da Regional de MG, foi realizado uma reunião com a Claro e para os sites PORTFOLIO TBSA será necessário apresentação apenas do chamado do sistema Acesites na Central da Claro para retirada de chaves.
 
Encaminhar o formulário via e-mail SUPNOC por e-mail para encaminharmos para Claro.
 
Obs.: Atividade precisa estar aprovada, vigente e o nome do colaborador na lista.
 
ENDEREÇO DA CENTRAL DOS SITES em MG: RUA ESPÍRITO SANTO N°1000 - CENTRO""

Melissa Sato"
417144,TCMGALP0001,MGALP02,Liberado,22/09/2026,DR HOMERO MONTEIRO DE BARROS- 406,ZONA DA MATA,André Valério de Paiva,"""Para os acessos da Regional de MG, foi realizado uma reunião com a Claro e para os sites PORTFOLIO TBSA será necessário apresentação apenas do chamado do sistema Acesites na Central da Claro para retirada de chaves.
 
Encaminhar o formulário via e-mail SUPNOC por e-mail para encaminharmos para Claro.
 
Obs.: Atividade precisa estar aprovada, vigente e o nome do colaborador na lista.
 
ENDEREÇO DA CENTRAL DOS SITES em MG: RUA ESPÍRITO SANTO N°1000 - CENTRO""

Melissa Sato"
417028,TCMGBDL0002,MGBDL80,Liberado,22/09/2026,EST ANTIGA BANDEIRA DO SUL KM 12- SN,SUL,Adriano Francisco de Paula,"Para os acessos da Regional de MG, foi realizado uma reunião com a Claro e para os sites PORTFOLIO TBSA será necessário apresentação apenas do chamado do sistema Acesites na Central da Claro para retirada de chaves.
 
Encaminhar o formulário via e-mail SUPNOC por e-mail para encaminharmos para Claro.
 
Obs.: Atividade precisa estar aprovada, vigente e o nome do colaborador na lista.
 
ENDEREÇO DA CENTRAL DOS SITES em MG: RUA ESPÍRITO SANTO N°1000 - CENTRO

Maria Eduarda"
417169,TCMGFAS0001,MGFAS01,Liberado,22/09/2026,EST. ANTIGO CAMPO DE FUTEBOL-,ZONA DA MATA,André Valério de Paiva,"""Para os acessos da Regional de MG, foi realizado uma reunião com a Claro e para os sites PORTFOLIO TBSA será necessário apresentação apenas do chamado do sistema Acesites na Central da Claro para retirada de chaves.
 
Encaminhar o formulário via e-mail SUPNOC por e-mail para encaminharmos para Claro.
 
Obs.: Atividade precisa estar aprovada, vigente e o nome do colaborador na lista.
 
ENDEREÇO DA CENTRAL DOS SITES em MG: RUA ESPÍRITO SANTO N°1000 - CENTRO""

Melissa Sato"
417160,TCMGCRD0001,MGRSQR1,Liberado,22/09/2026,ESTRADA CARANDAI PACIENCIA- SN,ZONA DA MATA,André Valério de Paiva,"""Para os acessos da Regional de MG, foi realizado uma reunião com a Claro e para os sites PORTFOLIO TBSA será necessário apresentação apenas do chamado do sistema Acesites na Central da Claro para retirada de chaves.
 
Encaminhar o formulário via e-mail SUPNOC por e-mail para encaminharmos para Claro.
 
Obs.: Atividade precisa estar aprovada, vigente e o nome do colaborador na lista.
 
ENDEREÇO DA CENTRAL DOS SITES em MG: RUA ESPÍRITO SANTO N°1000 - CENTRO""

Melissa Sato"
428071,TCMGITM0001,MGITM01,Liberado,17/11/2026,ESTRADA DA FAZENDINHA- SN,LESTE,Paulo De Freitas Pereira,"""“Para os acessos da Regional MG, foi realizada uma reunião com a Claro e ficou definido que, para os sites do portfólio TBSA, será necessária apenas a apresentação do chamado do sistema Acesites na Central da Claro para retirada das chaves. Para isso, deverá ser encaminhado um e-mail para Vanessa (vanessa.barros.terceiros@siteslatam.com.br), solicitando o formulário para preenchimento e liberação das chaves.
Observações:
A atividade deve estar aprovada e vigente no sistema.
O nome do colaborador deve constar na lista de autorização.
O endereço para retirada das chaves será encaminhado pelo responsável da Central via e-mail.”""

Melissa Sato"
427909,TCMGCYD0001,MGCYD80,Liberado,01/11/2026,ESTRADA DA SAUDADE- KM 2-5-,ZONA DA MATA,André Valério de Paiva,"“Para os acessos da Regional MG, foi realizada uma reunião com a Claro e ficou definido que, para os sites do portfólio TBSA, será necessária apenas a apresentação do chamado do sistema Acesites na Central da Claro para retirada das chaves. Para isso, deverá ser encaminhado um e-mail para Vanessa (vanessa.barros.terceiros@siteslatam.com.br), solicitando o formulário para preenchimento e liberação das chaves.
Observações:
A atividade deve estar aprovada e vigente no sistema.
O nome do colaborador deve constar na lista de autorização.
O endereço para retirada das chaves será encaminhado pelo responsável da Central via e-mail.”


Deborah Perotti"
417139,TCMGVAR0003,MGVAR09,Liberado,22/09/2026,ESTRADA DAS AGUAS VERDES- 100,SUL,Adriano Francisco de Paula,"""Para os acessos da Regional de MG, foi realizado uma reunião com a Claro e para os sites PORTFOLIO TBSA será necessário apresentação apenas do chamado do sistema Acesites na Central da Claro para retirada de chaves.
 
Encaminhar o formulário via e-mail SUPNOC por e-mail para encaminharmos para Claro.
 
Obs.: Atividade precisa estar aprovada, vigente e o nome do colaborador na lista.
 
ENDEREÇO DA CENTRAL DOS SITES em MG: RUA ESPÍRITO SANTO N°1000 - CENTRO""


Thais Fernandes"
427769,TCMGOPR0005,MGOPR80,Aguardando Aprovação,07/10/2026,ESTRADA DE FERRO VITORIA MINAS SN,METROPOLITANO,Arthur Santos de Oliveira,
428076,TCMGMLR0001,MGMLR80,Liberado,17/11/2026,ESTRADA DE MARLIERIA- SN,LESTE,Paulo De Freitas Pereira,"""“Para os acessos da Regional MG, foi realizada uma reunião com a Claro e ficou definido que, para os sites do portfólio TBSA, será necessária apenas a apresentação do chamado do sistema Acesites na Central da Claro para retirada das chaves. Para isso, deverá ser encaminhado um e-mail para Vanessa (vanessa.barros.terceiros@siteslatam.com.br), solicitando o formulário para preenchimento e liberação das chaves.
Observações:
A atividade deve estar aprovada e vigente no sistema.
O nome do colaborador deve constar na lista de autorização.
O endereço para retirada das chaves será encaminhado pelo responsável da Central via e-mail.”""

Melissa Sato"
417116,TCMGPSS0001,MGPASR1,Liberado,22/09/2026,ESTRADA MG050 KM13 SN,SUL,Adriano Francisco de Paula,"Após a aprovação do chamado em nosso sistema o técnico deverá baixar o APP em seu celular.
NOME DO APLICATIVO: MASTER LOCK VAULT ENTERPRISE:
•	Após acesso liberado via acesites e cadastro interno do sistema o técnico receberá um e-mail (noreply@masterlockvault.com) com uma senha provisória.
•	No primeiro acesso deverão ser preenchidos os campos a seguir:
•	ORGANIZATION ID: TORRESDOBRASIL
•	EMAIL: Preencher e-mail cadastrado em nosso sistema Acesites
•	PASSWORD: Senha provisória recebida no e-mail (Verificar Lixo Eletrônico).
•	Configurar o celular para permitir o aplicativo utilizar a localização do aparelho durante o uso do APP (Configuração varia de acordo com o modelo do celular)
Após baixar o APP entrar em contato com o NOC TBSA para dar entrada ao site:
NOC (21) 2391 9487

Thais Fernandes"
417069,TCMGEXT0003,MGEXT03,Liberado,22/09/2026,ESTRADA MUNICIPAL- SN,SUL,Adriano Francisco de Paula,"Para os acessos da Regional de MG, foi realizado uma reunião com a Claro e para os sites PORTFOLIO TBSA será necessário apresentação apenas do chamado do sistema Acesites na Central da Claro para retirada de chaves.
 
Encaminhar o formulário via e-mail SUPNOC por e-mail para encaminharmos para Claro.
 
Obs.: Atividade precisa estar aprovada, vigente e o nome do colaborador na lista.
 
ENDEREÇO DA CENTRAL DOS SITES em MG: RUA ESPÍRITO SANTO N°1000 - CENTRO""

Maria Eduarda"
417178,TCMGPVI0002,MGPVI80,Liberado,22/09/2026,ESTRADA PALMITAL SN- SN,ZONA DA MATA,André Valério de Paiva,"""Para os acessos da Regional de MG, foi realizado uma reunião com a Claro e para os sites PORTFOLIO TBSA será necessário apresentação apenas do chamado do sistema Acesites na Central da Claro para retirada de chaves.
 
Encaminhar o formulário via e-mail SUPNOC por e-mail para encaminharmos para Claro.
 
Obs.: Atividade precisa estar aprovada, vigente e o nome do colaborador na lista.
 
ENDEREÇO DA CENTRAL DOS SITES em MG: RUA ESPÍRITO SANTO N°1000 - CENTRO""

Melissa Sato"
427770,TCMGOPR0008,MGOPR11,Aguardando Aprovação,07/10/2026,FAZ AES MIGUEL BURNIER SN,METROPOLITANO,Arthur Santos de Oliveira,
428055,TCMGCXP0001,MGCXP01,Liberado,01/11/2026,FAZ BOA VISTA,LESTE,Paulo De Freitas Pereira,"""“Para os acessos da Regional MG, foi realizada uma reunião com a Claro e ficou definido que, para os sites do portfólio TBSA, será necessária apenas a apresentação do chamado do sistema Acesites na Central da Claro para retirada das chaves. Para isso, deverá ser encaminhado um e-mail para Vanessa (vanessa.barros.terceiros@siteslatam.com.br), solicitando o formulário para preenchimento e liberação das chaves.
Observações:
A atividade deve estar aprovada e vigente no sistema.
O nome do colaborador deve constar na lista de autorização.
O endereço para retirada das chaves será encaminhado pelo responsável da Central via e-mail.”""

Melissa Sato"
417089,TCMGLAV0002,MGLAVR2,Liberado,22/09/2026,FAZENDA BARRO PRETO- SN,SUL,Adriano Francisco de Paula,"""Para os acessos da Regional de MG, foi realizado uma reunião com a Claro e para os sites PORTFOLIO TBSA será necessário apresentação apenas do chamado do sistema Acesites na Central da Claro para retirada de chaves.
 
Encaminhar o formulário via e-mail SUPNOC por e-mail para encaminharmos para Claro.
 
Obs.: Atividade precisa estar aprovada, vigente e o nome do colaborador na lista.
 
ENDEREÇO DA CENTRAL DOS SITES em MG: RUA ESPÍRITO SANTO N°1000 - CENTRO""

Ellen P"
417134,TCMGSSP0001,MGSSPR1,Liberado,22/09/2026,FAZENDA BELA VISTA- SN,SUL,Adriano Francisco de Paula,"AN5A//A2

Para os acessos da Regional de MG, foi realizado uma reunião com a Claro e para os sites PORTFOLIO TBSA será necessário apresentação apenas do chamado do sistema Acesites na Central da Claro para retirada de chaves.
 
Encaminhar o formulário via e-mail SUPNOC por e-mail para encaminharmos para Claro.
 
Obs.: Atividade precisa estar aprovada, vigente e o nome do colaborador na lista.
 
ENDEREÇO DA CENTRAL DOS SITES em MG: RUA ESPÍRITO SANTO N°1000 - CENTRO.


Thais Fernandes"
428086,TCMGMTP0002,MGMTP03,Liberado,17/11/2026,FAZENDA BOA SORTE- SN,LESTE,Paulo De Freitas Pereira,"""“Para os acessos da Regional MG, foi realizada uma reunião com a Claro e ficou definido que, para os sites do portfólio TBSA, será necessária apenas a apresentação do chamado do sistema Acesites na Central da Claro para retirada das chaves. Para isso, deverá ser encaminhado um e-mail para Vanessa (vanessa.barros.terceiros@siteslatam.com.br), solicitando o formulário para preenchimento e liberação das chaves.
Observações:
A atividade deve estar aprovada e vigente no sistema.
O nome do colaborador deve constar na lista de autorização.
O endereço para retirada das chaves será encaminhado pelo responsável da Central via e-mail.”""

Melissa Sato"
427917,TCMGCMI0002,MGCMI02,Liberado,18/10/2026,FAZENDA BOA VISTA SN,OESTE,Arthur Gomes de Paulo,"Após a aprovação do chamado em nosso sistema o técnico deverá baixar o APP em seu celular.
NOME DO APLICATIVO: MASTER LOCK VAULT ENTERPRISE:
•	Após acesso liberado via acesites e cadastro interno do sistema o técnico receberá um e-mail (noreply@masterlockvault.com) com uma senha provisória.
•	No primeiro acesso deverão ser preenchidos os campos a seguir:
•	ORGANIZATION ID: TORRESDOBRASIL
•	EMAIL: Preencher e-mail cadastrado em nosso sistema Acesites
•	PASSWORD: Senha provisória recebida no e-mail (Verificar Lixo Eletrônico).
•	Configurar o celular para permitir o aplicativo utilizar a localização do aparelho durante o uso do APP (Configuração varia de acordo com o modelo do celular)
Após baixar o APP entrar em contato com o NOC TBSA para dar entrada ao site:
NOC (21) 2391 9487

Deborah Perotti"
427768,TCMGOPR0002,MGOPRR2,Aguardando Aprovação,07/10/2026,FAZENDA BOM RETIRO SN,METROPOLITANO,Arthur Santos de Oliveira,
427967,TCMGPOR0003,MGPTH80,Liberado,17/10/2026,FAZENDA BOM SUCESSO-,NORTE,Paulo De Freitas Pereira,"“Para os acessos da Regional MG, foi realizada uma reunião com a Claro e ficou definido que, para os sites do portfólio TBSA, será necessária apenas a apresentação do chamado do sistema Acesites na Central da Claro para retirada das chaves. Para isso, deverá ser encaminhado um e-mail para Vanessa (vanessa.barros.terceiros@siteslatam.com.br), solicitando o formulário para preenchimento e liberação das chaves.
Observações:
A atividade deve estar aprovada e vigente no sistema.
O nome do colaborador deve constar na lista de autorização.
O endereço para retirada das chaves será encaminhado pelo responsável da Central via e-mail.”


Deborah Perotti"
427957,TCMGCPE0002,MGCPER3,Liberado,17/10/2026,FAZENDA BOM SUCESSO- SN,NORTE,Paulo De Freitas Pereira,"“Para os acessos da Regional MG, foi realizada uma reunião com a Claro e ficou definido que, para os sites do portfólio TBSA, será necessária apenas a apresentação do chamado do sistema Acesites na Central da Claro para retirada das chaves. Para isso, deverá ser encaminhado um e-mail para Vanessa (vanessa.barros.terceiros@siteslatam.com.br), solicitando o formulário para preenchimento e liberação das chaves.
Observações:
A atividade deve estar aprovada e vigente no sistema.
O nome do colaborador deve constar na lista de autorização.
O endereço para retirada das chaves será encaminhado pelo responsável da Central via e-mail.”


Deborah Perotti"
427975,TCMGFCS0001,MGFCS01,Liberado,17/11/2026,FAZENDA BREJO DAS ALMAS SN,NORTE,Paulo De Freitas Pereira,"SEGREDO: 0001

Deborah Perotti"
427976,TCMGIBC0001,MGIBC80,Liberado,17/11/2026,FAZENDA BURITI- SN,NORTE,Paulo De Freitas Pereira,"“Para os acessos da Regional MG, foi realizada uma reunião com a Claro e ficou definido que, para os sites do portfólio TBSA, será necessária apenas a apresentação do chamado do sistema Acesites na Central da Claro para retirada das chaves. Para isso, deverá ser encaminhado um e-mail para Vanessa (vanessa.barros.terceiros@siteslatam.com.br), solicitando o formulário para preenchimento e liberação das chaves.
Observações:
A atividade deve estar aprovada e vigente no sistema.
O nome do colaborador deve constar na lista de autorização.
O endereço para retirada das chaves será encaminhado pelo responsável da Central via e-mail.”


Deborah Perotti"
427956,TCMGCPE0001,MGCPER2,Liberado,17/10/2026,FAZENDA CAATINGA DE CANA BRAVA SN,NORTE,Paulo De Freitas Pereira,"SEGREDO: 0001


Deborah Perotti"
427723,TCMGDQM0002,MGDQM02,Aguardando Aprovação,07/10/2026,FAZENDA CAIANA SN,METROPOLITANO,Leandro de Menezes Assunção,
427755,TCMGMRN0007,MGMRN80,Aguardando Aprovação,07/10/2026,FAZENDA CANDEIAS SN,METROPOLITANO,Arthur Santos de Oliveira,
427664,TCMGNLM0002,MGNVL13,Liberado,07/10/2026,FAZENDA CAPITAO DO MATO SN,BH,Renato Parreiras,"Carta encaminhada ao local

PORTÃO SEGREDO CLARO 3631/ GRADIL :AN1  , SEGREDO: 0002

Maria Eduarda R."
427998,TCMGADS0001,MGADS01,Liberado,17/10/2026,FAZENDA CAXAMBU- SN,LESTE,Paulo De Freitas Pereira,"""“Para os acessos da Regional MG, foi realizada uma reunião com a Claro e ficou definido que, para os sites do portfólio TBSA, será necessária apenas a apresentação do chamado do sistema Acesites na Central da Claro para retirada das chaves. Para isso, deverá ser encaminhado um e-mail para Vanessa (vanessa.barros.terceiros@siteslatam.com.br), solicitando o formulário para preenchimento e liberação das chaves.
Observações:
A atividade deve estar aprovada e vigente no sistema.
O nome do colaborador deve constar na lista de autorização.
O endereço para retirada das chaves será encaminhado pelo responsável da Central via e-mail.”""

Melissa Sato"
428088,TCMGNAQ0001,MGNAQR1,Liberado,17/11/2026,FAZENDA DA FELIDADE SN,LESTE,Paulo De Freitas Pereira,"PROTECAES

""“Para os acessos da Regional MG, foi realizada uma reunião com a Claro e ficou definido que, para os sites do portfólio TBSA, será necessária apenas a apresentação do chamado do sistema Acesites na Central da Claro para retirada das chaves. Para isso, deverá ser encaminhado um e-mail para Vanessa (vanessa.barros.terceiros@siteslatam.com.br), solicitando o formulário para preenchimento e liberação das chaves.
Observações:
A atividade deve estar aprovada e vigente no sistema.
O nome do colaborador deve constar na lista de autorização.
O endereço para retirada das chaves será encaminhado pelo responsável da Central via e-mail.”""

Melissa Sato"
428039,TCMGSPA0001,MGSPA01,Liberado,17/10/2026,FAZENDA DO CORREGO MONJOLO SN,LESTE,Paulo De Freitas Pereira,"""“Para os acessos da Regional MG, foi realizada uma reunião com a Claro e ficou definido que, para os sites do portfólio TBSA, será necessária apenas a apresentação do chamado do sistema Acesites na Central da Claro para retirada das chaves. Para isso, deverá ser encaminhado um e-mail para Vanessa (vanessa.barros.terceiros@siteslatam.com.br), solicitando o formulário para preenchimento e liberação das chaves.
Observações:
A atividade deve estar aprovada e vigente no sistema.
O nome do colaborador deve constar na lista de autorização.
O endereço para retirada das chaves será encaminhado pelo responsável da Central via e-mail.”""

Melissa Sato"
427794,TCMGSYX0001,MGSYX01,Liberado,07/10/2026,FAZENDA DO ENGENHO- SN,METROPOLITANO,Arthur Santos de Oliveira,"PORTEIRA 3631 
“Para os acessos da Regional MG, foi realizada uma reunião com a Claro e ficou definido que, para os sites do portfólio TBSA, será necessária apenas a apresentação do chamado do sistema Acesites na Central da Claro para retirada das chaves. Para isso, deverá ser encaminhado um e-mail para Vanessa (vanessa.barros.terceiros@siteslatam.com.br), solicitando o formulário para preenchimento e liberação das chaves.
Observações:
A atividade deve estar aprovada e vigente no sistema.
O nome do colaborador deve constar na lista de autorização.
O endereço para retirada das chaves será encaminhado pelo responsável da Central via e-mail.”

Deborah Perotti"
427720,TCMGDQM0001,MGDQM80,Aguardando Aprovação,07/10/2026,FAZENDA DO GAIA SN,METROPOLITANO,Leandro de Menezes Assunção,
427974,TCMGEPS0001,MGEPS01,Liberado,17/11/2026,FAZENDA ENGENHO- SN,NORTE,Paulo De Freitas Pereira,"“Para os acessos da Regional MG, foi realizada uma reunião com a Claro e ficou definido que, para os sites do portfólio TBSA, será necessária apenas a apresentação do chamado do sistema Acesites na Central da Claro para retirada das chaves. Para isso, deverá ser encaminhado um e-mail para Vanessa (vanessa.barros.terceiros@siteslatam.com.br), solicitando o formulário para preenchimento e liberação das chaves.
Observações:
A atividade deve estar aprovada e vigente no sistema.
O nome do colaborador deve constar na lista de autorização.
O endereço para retirada das chaves será encaminhado pelo responsável da Central via e-mail.”


Deborah Perotti"
428028,TCMGSAG0002,MGSAG80,Liberado,17/10/2026,FAZENDA ESTRELA DO SUL- SN,LESTE,Paulo De Freitas Pereira,"""“Para os acessos da Regional MG, foi realizada uma reunião com a Claro e ficou definido que, para os sites do portfólio TBSA, será necessária apenas a apresentação do chamado do sistema Acesites na Central da Claro para retirada das chaves. Para isso, deverá ser encaminhado um e-mail para Vanessa (vanessa.barros.terceiros@siteslatam.com.br), solicitando o formulário para preenchimento e liberação das chaves.
Observações:
A atividade deve estar aprovada e vigente no sistema.
O nome do colaborador deve constar na lista de autorização.
O endereço para retirada das chaves será encaminhado pelo responsável da Central via e-mail.”""

Melissa Sato"
427986,TCMGPOR0001,MGJNB02,Liberado,17/11/2026,FAZENDA GAMELEIRA- SN,NORTE,Paulo De Freitas Pereira,"“Para os acessos da Regional MG, foi realizada uma reunião com a Claro e ficou definido que, para os sites do portfólio TBSA, será necessária apenas a apresentação do chamado do sistema Acesites na Central da Claro para retirada das chaves. Para isso, deverá ser encaminhado um e-mail para Vanessa (vanessa.barros.terceiros@siteslatam.com.br), solicitando o formulário para preenchimento e liberação das chaves.
Observações:
A atividade deve estar aprovada e vigente no sistema.
O nome do colaborador deve constar na lista de autorização.
O endereço para retirada das chaves será encaminhado pelo responsável da Central via e-mail.”


Deborah Perotti"
427968,TCMGVED0001,MGVED80,Liberado,17/10/2026,FAZENDA GUANABARA-,NORTE,Paulo De Freitas Pereira,"“Para os acessos da Regional MG, foi realizada uma reunião com a Claro e ficou definido que, para os sites do portfólio TBSA, será necessária apenas a apresentação do chamado do sistema Acesites na Central da Claro para retirada das chaves. Para isso, deverá ser encaminhado um e-mail para Vanessa (vanessa.barros.terceiros@siteslatam.com.br), solicitando o formulário para preenchimento e liberação das chaves.
Observações:
A atividade deve estar aprovada e vigente no sistema.
O nome do colaborador deve constar na lista de autorização.
O endereço para retirada das chaves será encaminhado pelo responsável da Central via e-mail.”

Deborah Perotti"
427988,TCMGPRP0001,MGPRP80,Liberado,17/11/2026,FAZENDA MARAMBAIA  ESTRADA DA UNIAGRO KM 07,NORTE,Paulo De Freitas Pereira,"SEGREDO:0001

Melissa Sato"
417119,TCMGRBV0001,MGPERR1,Liberado,22/09/2026,FAZENDA MONTE ALEGRE- SN,SUL,Adriano Francisco de Paula,"""Para os acessos da Regional de MG, foi realizado uma reunião com a Claro e para os sites PORTFOLIO TBSA será necessário apresentação apenas do chamado do sistema Acesites na Central da Claro para retirada de chaves.
 
Encaminhar o formulário via e-mail SUPNOC por e-mail para encaminharmos para Claro.
 
Obs.: Atividade precisa estar aprovada, vigente e o nome do colaborador na lista.
 
ENDEREÇO DA CENTRAL DOS SITES em MG: RUA ESPÍRITO SANTO N°1000 - CENTRO""


Thais Fernandes"
417076,TCMGIDM0001,MGIDM01,Liberado,22/09/2026,FAZENDA MONTE ALTO- SN,SUL,Adriano Francisco de Paula,"""Para os acessos da Regional de MG, foi realizado uma reunião com a Claro e para os sites PORTFOLIO TBSA será necessário apresentação apenas do chamado do sistema Acesites na Central da Claro para retirada de chaves.
 
Encaminhar o formulário via e-mail SUPNOC por e-mail para encaminharmos para Claro.
 
Obs.: Atividade precisa estar aprovada, vigente e o nome do colaborador na lista.
 
ENDEREÇO DA CENTRAL DOS SITES em MG: RUA ESPÍRITO SANTO N°1000 - CENTRO"""
427989,TCMGSFR0001,MGSFR80,Liberado,17/11/2026,FAZENDA MORRO,NORTE,Paulo De Freitas Pereira,"SEGREDO: 0001

Melissa Sato"
428022,TCMGRDT0001,MGRDT01,Liberado,17/10/2026,FAZENDA OURO VERDE- SN,LESTE,Paulo De Freitas Pereira,"""“Para os acessos da Regional MG, foi realizada uma reunião com a Claro e ficou definido que, para os sites do portfólio TBSA, será necessária apenas a apresentação do chamado do sistema Acesites na Central da Claro para retirada das chaves. Para isso, deverá ser encaminhado um e-mail para Vanessa (vanessa.barros.terceiros@siteslatam.com.br), solicitando o formulário para preenchimento e liberação das chaves.
Observações:
A atividade deve estar aprovada e vigente no sistema.
O nome do colaborador deve constar na lista de autorização.
O endereço para retirada das chaves será encaminhado pelo responsável da Central via e-mail.”""

Melissa Sato"
417095,TCMGMFE0002,MGMFE80,Liberado,22/09/2026,FAZENDA POMÁRIA- S/N,SUL,Adriano Francisco de Paula,"""Para os acessos da Regional de MG, foi realizado uma reunião com a Claro e para os sites PORTFOLIO TBSA será necessário apresentação apenas do chamado do sistema Acesites na Central da Claro para retirada de chaves.
 
Encaminhar o formulário via e-mail SUPNOC por e-mail para encaminharmos para Claro.
 
Obs.: Atividade precisa estar aprovada, vigente e o nome do colaborador na lista.
 
ENDEREÇO DA CENTRAL DOS SITES em MG: RUA ESPÍRITO SANTO N°1000 - CENTRO""

Thais Fernandes"
427809,TCMGPRG0002,MGPRGR1,Liberado,07/10/2026,FAZENDA RANCHO FELIZ 279,SUL,Adriano Francisco de Paula,"Após a aprovação do chamado em nosso sistema o técnico deverá baixar o APP em seu celular.
NOME DO APLICATIVO: MASTER LOCK VAULT ENTERPRISE:
•	Após acesso liberado via acesites e cadastro interno do sistema o técnico receberá um e-mail (noreply@masterlockvault.com) com uma senha provisória.
•	No primeiro acesso deverão ser preenchidos os campos a seguir:
•	ORGANIZATION ID: TORRESDOBRASIL
•	EMAIL: Preencher e-mail cadastrado em nosso sistema Acesites
•	PASSWORD: Senha provisória recebida no e-mail (Verificar Lixo Eletrônico).
•	Configurar o celular para permitir o aplicativo utilizar a localização do aparelho durante o uso do APP (Configuração varia de acordo com o modelo do celular)
Após baixar o APP entrar em contato com o NOC TBSA para dar entrada ao site:
NOC (21) 2391 9487

Deborah Perotti"
417145,TCMGAPM0001,MGAPM01,Liberado,22/09/2026,FAZENDA RECREIO- SN,ZONA DA MATA,André Valério de Paiva,"""Para os acessos da Regional de MG, foi realizado uma reunião com a Claro e para os sites PORTFOLIO TBSA será necessário apresentação apenas do chamado do sistema Acesites na Central da Claro para retirada de chaves.
 
Encaminhar o formulário via e-mail SUPNOC por e-mail para encaminharmos para Claro.
 
Obs.: Atividade precisa estar aprovada, vigente e o nome do colaborador na lista.
 
ENDEREÇO DA CENTRAL DOS SITES em MG: RUA ESPÍRITO SANTO N°1000 - CENTRO""

Melissa Sato"
417060,TCMGCTX0001,MGCTX01,Liberado,22/09/2026,FAZENDA SANTA HELENA SN,SUL,Adriano Francisco de Paula,"SEGREDO:0001
Maria Eduarda"
428089,TCMGNCR0001,MGNVC80,Liberado,17/11/2026,FAZENDA SÃO BENTO- S/N,LESTE,Paulo De Freitas Pereira,"""“Para os acessos da Regional MG, foi realizada uma reunião com a Claro e ficou definido que, para os sites do portfólio TBSA, será necessária apenas a apresentação do chamado do sistema Acesites na Central da Claro para retirada das chaves. Para isso, deverá ser encaminhado um e-mail para Vanessa (vanessa.barros.terceiros@siteslatam.com.br), solicitando o formulário para preenchimento e liberação das chaves.
Observações:
A atividade deve estar aprovada e vigente no sistema.
O nome do colaborador deve constar na lista de autorização.
O endereço para retirada das chaves será encaminhado pelo responsável da Central via e-mail.”""

Melissa Sato"
417101,TCMGNVR0001,MGNVR80,Liberado,22/09/2026,FAZENDA SAO JOAO- SN,SUL,Adriano Francisco de Paula,"AN5A//A1.
Para os acessos da Regional de MG, foi realizado uma reunião com a Claro e para os sites PORTFOLIO TBSA será necessário apresentação apenas do chamado do sistema Acesites na Central da Claro para retirada de chaves.
 
Encaminhar o formulário via e-mail SUPNOC por e-mail para encaminharmos para Claro.
 
Obs.: Atividade precisa estar aprovada, vigente e o nome do colaborador na lista.
 
ENDEREÇO DA CENTRAL DOS SITES em MG: RUA ESPÍRITO SANTO N°1000 - CENTRO.

Thais Fernandes"
428030,TCMGSAI0001,MGSAI80,Liberado,17/10/2026,FAZENDA SENHOR DO BONFIN- S/N,LESTE,Paulo De Freitas Pereira,"""“Para os acessos da Regional MG, foi realizada uma reunião com a Claro e ficou definido que, para os sites do portfólio TBSA, será necessária apenas a apresentação do chamado do sistema Acesites na Central da Claro para retirada das chaves. Para isso, deverá ser encaminhado um e-mail para Vanessa (vanessa.barros.terceiros@siteslatam.com.br), solicitando o formulário para preenchimento e liberação das chaves.
Observações:
A atividade deve estar aprovada e vigente no sistema.
O nome do colaborador deve constar na lista de autorização.
O endereço para retirada das chaves será encaminhado pelo responsável da Central via e-mail.”""

Melissa Sato"
428004,TCMGATA0002,MGATA80,Liberado,17/10/2026,FAZENDA SERRA DA PRATINHA SN,LESTE,Paulo De Freitas Pereira,"SEGREDO: 0002

Melissa Sato"
427987,TCMGPOR0002,MGPTH01,Liberado,17/11/2026,FAZENDA SITIO NOVO- SN,NORTE,Paulo De Freitas Pereira,"""“Para os acessos da Regional MG, foi realizada uma reunião com a Claro e ficou definido que, para os sites do portfólio TBSA, será necessária apenas a apresentação do chamado do sistema Acesites na Central da Claro para retirada das chaves. Para isso, deverá ser encaminhado um e-mail para Vanessa (vanessa.barros.terceiros@siteslatam.com.br), solicitando o formulário para preenchimento e liberação das chaves.
Observações:
A atividade deve estar aprovada e vigente no sistema.
O nome do colaborador deve constar na lista de autorização.
O endereço para retirada das chaves será encaminhado pelo responsável da Central via e-mail.”""

Melissa Sato"
427633,TCMGBHO0075,MGBRT23,Liberado,07/10/2026,FIDELIS MARTINS 34,BH,Renato Parreiras,"Carta encaminhada ao local.
Problemas de acesso, acionar o NOC TBSA 21 2391-9487 (wpp/lig) com os técnicos no local para tratarmos pontualmente.

Maria Eduarda"
428003,TCMGATA0001,MGATA01,Liberado,17/10/2026,FLORIANOPOLIS SN,LESTE,Paulo De Freitas Pereira,"SEGREDO: 0001

Melissa Sato"
417142,TCMGAFD0001,MGAFD01,Liberado,22/09/2026,FRANCISCO COLLI FRANZONE- 200,ZONA DA MATA,André Valério de Paiva,"""Para os acessos da Regional de MG, foi realizado uma reunião com a Claro e para os sites PORTFOLIO TBSA será necessário apresentação apenas do chamado do sistema Acesites na Central da Claro para retirada de chaves.
 
Encaminhar o formulário via e-mail SUPNOC por e-mail para encaminharmos para Claro.
 
Obs.: Atividade precisa estar aprovada, vigente e o nome do colaborador na lista.
 
ENDEREÇO DA CENTRAL DOS SITES em MG: RUA ESPÍRITO SANTO N°1000 - CENTRO""

Melissa Sato"
417174,TCMGJZF0010,MGJZFR2,Liberado,22/09/2026,GLEBA 5   SITIO DO GONCALVES SN,ZONA DA MATA,André Valério de Paiva,"""Após a aprovação do chamado em nosso sistema o técnico deverá baixar o APP em seu celular.
NOME DO APLICATIVO: MASTER LOCK VAULT ENTERPRISE:
•	Após acesso liberado via acesites e cadastro interno do sistema o técnico receberá um e-mail (noreply@masterlockvault.com) com uma senha provisória.
•	No primeiro acesso deverão ser preenchidos os campos a seguir:
•	ORGANIZATION ID: TORRESDOBRASIL
•	EMAIL: Preencher e-mail cadastrado em nosso sistema Acesites
•	PASSWORD: Senha provisória recebida no e-mail (Verificar Lixo Eletrônico).
•	Configurar o celular para permitir o aplicativo utilizar a localização do aparelho durante o uso do APP (Configuração varia de acordo com o modelo do celular)

Após baixar o APP entrar em contato com o NOC TBSA para dar entrada ao site:
NOC (21) 2391 9487""

Melissa Sato"
427815,TCMGGDV0001,MGGDV01,Liberado,07/10/2026,GUIDOVAL 36515000 SN,ZONA DA MATA,André Valério de Paiva,"Após a aprovação do chamado em nosso sistema o técnico deverá baixar o APP em seu celular.
NOME DO APLICATIVO: MASTER LOCK VAULT ENTERPRISE:
•	Após acesso liberado via acesites e cadastro interno do sistema o técnico receberá um e-mail (noreply@masterlockvault.com) com uma senha provisória.
•	No primeiro acesso deverão ser preenchidos os campos a seguir:
•	ORGANIZATION ID: TORRESDOBRASIL
•	EMAIL: Preencher e-mail cadastrado em nosso sistema Acesites
•	PASSWORD: Senha provisória recebida no e-mail (Verificar Lixo Eletrônico).
•	Configurar o celular para permitir o aplicativo utilizar a localização do aparelho durante o uso do APP (Configuração varia de acordo com o modelo do celular)
Após baixar o APP entrar em contato com o NOC TBSA para dar entrada ao site:
NOC (21) 2391 9487

Deborah Perotti"
428056,TCMGDVO0001,MGDVO01,Liberado,17/11/2026,IMOVEL BOA VISTA SN,LESTE,Paulo De Freitas Pereira,"""Após a aprovação do chamado em nosso sistema o técnico deverá baixar o APP em seu celular.
NOME DO APLICATIVO: MASTER LOCK VAULT ENTERPRISE:
•	Após acesso liberado via acesites e cadastro interno do sistema o técnico receberá um e-mail (noreply@masterlockvault.com) com uma senha provisória.
•	No primeiro acesso deverão ser preenchidos os campos a seguir:
•	ORGANIZATION ID: TORRESDOBRASIL
•	EMAIL: Preencher e-mail cadastrado em nosso sistema Acesites
•	PASSWORD: Senha provisória recebida no e-mail (Verificar Lixo Eletrônico).
•	Configurar o celular para permitir o aplicativo utilizar a localização do aparelho durante o uso do APP (Configuração varia de acordo com o modelo do celular)

Após baixar o APP entrar em contato com o NOC TBSA para dar entrada ao site:
NOC (21) 2391 9487""

Melissa Sato"
427738,TCMGITT0001,MGITT01,Aguardando Aprovação,07/10/2026,IMOVEL DENOMINADO CAPAO DO MOTA SN,METROPOLITANO,Leandro de Menezes Assunção,
428072,TCMGJGR0001,MGJGR01,Liberado,17/11/2026,JAGUARACU 35188000- SN,LESTE,Paulo De Freitas Pereira,"""“Para os acessos da Regional MG, foi realizada uma reunião com a Claro e ficou definido que, para os sites do portfólio TBSA, será necessária apenas a apresentação do chamado do sistema Acesites na Central da Claro para retirada das chaves. Para isso, deverá ser encaminhado um e-mail para Vanessa (vanessa.barros.terceiros@siteslatam.com.br), solicitando o formulário para preenchimento e liberação das chaves.
Observações:
A atividade deve estar aprovada e vigente no sistema.
O nome do colaborador deve constar na lista de autorização.
O endereço para retirada das chaves será encaminhado pelo responsável da Central via e-mail.”""

Melissa Sato"
427707,TCMGCUG0002,MGCUG02,Aguardando Aprovação,07/10/2026,JOAO NEGRAO LICAS DE LIMA SN,METROPOLITANO,Leandro de Menezes Assunção,
417059,TCMGCRV0001,MGCRV01,Liberado,22/09/2026,JOAO XXIII SN,SUL,Adriano Francisco de Paula,"CADEADO SEGREDO - SENHA 1310
Após a aprovação do chamado em nosso sistema o técnico deverá baixar o APP em seu celular.
NOME DO APLICATIVO: MASTER LOCK VAULT ENTERPRISE:
•	Após acesso liberado via acesites e cadastro interno do sistema o técnico receberá um e-mail (noreply@masterlockvault.com) com uma senha provisória.
•	No primeiro acesso deverão ser preenchidos os campos a seguir:
•	ORGANIZATION ID: TORRESDOBRASIL
•	EMAIL: Preencher e-mail cadastrado em nosso sistema Acesites
•	PASSWORD: Senha provisória recebida no e-mail (Verificar Lixo Eletrônico).
•	Configurar o celular para permitir o aplicativo utilizar a localização do aparelho durante o uso do APP (Configuração varia de acordo com o modelo do celular)
Após baixar o APP entrar em contato com o NOC TBSA para dar entrada ao site:
NOC (21) 2391 9487
Maria Eduarda"
427812,TCMGSJA0002,MGSJA01,Liberado,07/10/2026,JOAQUIM VILAS BOAS RODRIGUES SN,SUL,Adriano Francisco de Paula,"Após a aprovação do chamado em nosso sistema o técnico deverá baixar o APP em seu celular.
NOME DO APLICATIVO: MASTER LOCK VAULT ENTERPRISE:
•	Após acesso liberado via acesites e cadastro interno do sistema o técnico receberá um e-mail (noreply@masterlockvault.com) com uma senha provisória.
•	No primeiro acesso deverão ser preenchidos os campos a seguir:
•	ORGANIZATION ID: TORRESDOBRASIL
•	EMAIL: Preencher e-mail cadastrado em nosso sistema Acesites
•	PASSWORD: Senha provisória recebida no e-mail (Verificar Lixo Eletrônico).
•	Configurar o celular para permitir o aplicativo utilizar a localização do aparelho durante o uso do APP (Configuração varia de acordo com o modelo do celular)
Após baixar o APP entrar em contato com o NOC TBSA para dar entrada ao site:
NOC (21) 2391 9487

Deborah Perotti"
417161,TCMGCSY0001,MGCSY01,Liberado,22/09/2026,JOSE ALFONSO FERREIRA SN,ZONA DA MATA,André Valério de Paiva,"SEGREDO: 0001

Melissa Sato"
427629,TCMGBHO0072,MGBRT20,Liberado,07/10/2026,JOSE RODRIGUES PEREIRA 1278,BH,Renato Parreiras,"Carta encaminhada ao local.
Problemas de acesso, acionar o NOC TBSA 21 2391-9487 (wpp/lig) com os técnicos no local para tratarmos pontualmente.

Thais Fernandes"
427654,TCMGIGP0001,MGIGP03,Em Tratamento,07/10/2026,JOSE TEIXEIRA DO PRADO 1052,BH,Renato Parreiras,
427907,TCMGJZF0014,MGJZF54,Liberado,30/10/2026,KATIA FALCONI SN,ZONA DA MATA,André Valério de Paiva,"Após a aprovação do chamado em nosso sistema o técnico deverá baixar o APP em seu celular.
NOME DO APLICATIVO: MASTER LOCK VAULT ENTERPRISE:
•	Após acesso liberado via acesites e cadastro interno do sistema o técnico receberá um e-mail (noreply@masterlockvault.com) com uma senha provisória.
•	No primeiro acesso deverão ser preenchidos os campos a seguir:
•	ORGANIZATION ID: TORRESDOBRASIL
•	EMAIL: Preencher e-mail cadastrado em nosso sistema Acesites
•	PASSWORD: Senha provisória recebida no e-mail (Verificar Lixo Eletrônico).
•	Configurar o celular para permitir o aplicativo utilizar a localização do aparelho durante o uso do APP (Configuração varia de acordo com o modelo do celular)
Após baixar o APP entrar em contato com o NOC TBSA para dar entrada ao site:
NOC (21) 2391 9487

Deborah Perotti"
417175,TCMGLBD0001,MGLBD01,Liberado,22/09/2026,LIBERDADE 37350000- SN,ZONA DA MATA,André Valério de Paiva,"""Para os acessos da Regional de MG, foi realizado uma reunião com a Claro e para os sites PORTFOLIO TBSA será necessário apresentação apenas do chamado do sistema Acesites na Central da Claro para retirada de chaves.
 
Encaminhar o formulário via e-mail SUPNOC por e-mail para encaminharmos para Claro.
 
Obs.: Atividade precisa estar aprovada, vigente e o nome do colaborador na lista.
 
ENDEREÇO DA CENTRAL DOS SITES em MG: RUA ESPÍRITO SANTO N°1000 - CENTRO""

Melissa Sato"
427708,TCMGCVL0006,MGCVL03,Aguardando Aprovação,07/10/2026,LINO DE OLIVEIRA 775,METROPOLITANO,Leandro de Menezes Assunção,
427962,TCMGMCL0011,MGMCL80,Liberado,17/10/2026,LOCAL DENOMINADO LAGES- SN,NORTE,Paulo De Freitas Pereira,"“Para os acessos da Regional MG, foi realizada uma reunião com a Claro e ficou definido que, para os sites do portfólio TBSA, será necessária apenas a apresentação do chamado do sistema Acesites na Central da Claro para retirada das chaves. Para isso, deverá ser encaminhado um e-mail para Vanessa (vanessa.barros.terceiros@siteslatam.com.br), solicitando o formulário para preenchimento e liberação das chaves.
Observações:
A atividade deve estar aprovada e vigente no sistema.
O nome do colaborador deve constar na lista de autorização.
O endereço para retirada das chaves será encaminhado pelo responsável da Central via e-mail.”


Deborah Perotti"
417102,TCMGPCD0001,MGPCD04,Liberado,22/09/2026,LOTE 01- SN,SUL,Adriano Francisco de Paula,"Para os acessos da Regional de MG, foi realizado uma reunião com a Claro e para os sites PORTFOLIO TBSA será necessário apresentação apenas do chamado do sistema Acesites na Central da Claro para retirada de chaves.
 
Encaminhar o formulário via e-mail SUPNOC por e-mail para encaminharmos para Claro.
 
Obs.: Atividade precisa estar aprovada, vigente e o nome do colaborador na lista.
 
ENDEREÇO DA CENTRAL DOS SITES em MG: RUA ESPÍRITO SANTO N°1000 - CENTRO



Thais Fernandes"
427653,TCMGESM0001,MGBET30,Liberado,07/10/2026,LOTE 11 SN,BH,Rafael Porto Alves da Cruz,"""Após a aprovação do chamado em nosso sistema o técnico deverá baixar o APP em seu celular.
NOME DO APLICATIVO: MASTER LOCK VAULT ENTERPRISE:
•	Após acesso liberado via acesites e cadastro interno do sistema o técnico receberá um e-mail (noreply@masterlockvault.com) com uma senha provisória.
•	No primeiro acesso deverão ser preenchidos os campos a seguir:
•	ORGANIZATION ID: TORRESDOBRASIL
•	EMAIL: Preencher e-mail cadastrado em nosso sistema Acesites
•	PASSWORD: Senha provisória recebida no e-mail (Verificar Lixo Eletrônico).
•	Configurar o celular para permitir o aplicativo utilizar a localização do aparelho durante o uso do APP (Configuração varia de acordo com o modelo do celular)

Após baixar o APP entrar em contato com o NOC TBSA para dar entrada ao site:
NOC (21) 2391 9487""
Maria Eduarda R."
427570,TCMGBET0004,MGBET11,Liberado,07/10/2026,LOTE 23 QUADRA 133 SN,BH,Renato Parreiras,"Após a aprovação do chamado em nosso sistema o técnico deverá baixar o APP em seu celular.
NOME DO APLICATIVO: MASTER LOCK VAULT ENTERPRISE:
•	Após acesso liberado via acesites e cadastro interno do sistema o técnico receberá um e-mail (noreply@masterlockvault.com) com uma senha provisória.
•	No primeiro acesso deverão ser preenchidos os campos a seguir:
•	ORGANIZATION ID: TORRESDOBRASIL
•	EMAIL: Preencher e-mail cadastrado em nosso sistema Acesites
•	PASSWORD: Senha provisória recebida no e-mail (Verificar Lixo Eletrônico).
•	Configurar o celular para permitir o aplicativo utilizar a localização do aparelho durante o uso do APP (Configuração varia de acordo com o modelo do celular)
Após baixar o APP entrar em contato com o NOC TBSA para dar entrada ao site:
NOC (21) 2391 9487
Maria Eduarda R."
427990,TCMGSJT0001,MGSJT01,Liberado,17/11/2026,LOTEAMENTO BAIRRO DAS PEDRAS SN,NORTE,Paulo De Freitas Pereira,"SEGREDO: 0001

Melissa Sato"
417049,TCMGCOH0001,MGCOH01,Liberado,22/09/2026,LOTEAMENTO MONTE REY- SN,SUL,Adriano Francisco de Paula,"""Para os acessos da Regional de MG, foi realizado uma reunião com a Claro e para os sites PORTFOLIO TBSA será necessário apresentação apenas do chamado do sistema Acesites na Central da Claro para retirada de chaves.
 
Encaminhar o formulário via e-mail SUPNOC por e-mail para encaminharmos para Claro.
 
Obs.: Atividade precisa estar aprovada, vigente e o nome do colaborador na lista.
 
ENDEREÇO DA CENTRAL DOS SITES em MG: RUA ESPÍRITO SANTO N°1000 - CENTRO""
Maria Eduarda"
427979,TCMGJNV0001,MGJPO80,Liberado,17/11/2026,LOTEAMENTO NOBRE-,NORTE,Paulo De Freitas Pereira,"“Para os acessos da Regional MG, foi realizada uma reunião com a Claro e ficou definido que, para os sites do portfólio TBSA, será necessária apenas a apresentação do chamado do sistema Acesites na Central da Claro para retirada das chaves. Para isso, deverá ser encaminhado um e-mail para Vanessa (vanessa.barros.terceiros@siteslatam.com.br), solicitando o formulário para preenchimento e liberação das chaves.
Observações:
A atividade deve estar aprovada e vigente no sistema.
O nome do colaborador deve constar na lista de autorização.
O endereço para retirada das chaves será encaminhado pelo responsável da Central via e-mail.”


Deborah Perotti"
427771,TCMGPFE0001,MGPFE01,Aguardando Aprovação,07/10/2026,LUGAR DENOMINADO JACU PARAISO SN,METROPOLITANO,Arthur Santos de Oliveira,
427782,TCMGSHR0001,MGSHR01,Liberado,07/10/2026,LUGAR DENOMINADO PINHEIROS- SN,METROPOLITANO,Arthur Santos de Oliveira,"“Para os acessos da Regional MG, foi realizada uma reunião com a Claro e ficou definido que, para os sites do portfólio TBSA, será necessária apenas a apresentação do chamado do sistema Acesites na Central da Claro para retirada das chaves. Para isso, deverá ser encaminhado um e-mail para Vanessa (vanessa.barros.terceiros@siteslatam.com.br), solicitando o formulário para preenchimento e liberação das chaves.
Observações:
A atividade deve estar aprovada e vigente no sistema.
O nome do colaborador deve constar na lista de autorização.
O endereço para retirada das chaves será encaminhado pelo responsável da Central via e-mail.”


Deborah Perotti"
427915,TCMGARX0007,MGARX15,Liberado,18/10/2026,MANOEL GONCALVES SN,OESTE,Arthur Gomes de Paulo,"SEGREDO: 0007

Após a aprovação do chamado em nosso sistema o técnico deverá baixar o APP em seu celular.
NOME DO APLICATIVO: MASTER LOCK VAULT ENTERPRISE:
•	Após acesso liberado via acesites e cadastro interno do sistema o técnico receberá um e-mail (noreply@masterlockvault.com) com uma senha provisória.
•	No primeiro acesso deverão ser preenchidos os campos a seguir:
•	ORGANIZATION ID: TORRESDOBRASIL
•	EMAIL: Preencher e-mail cadastrado em nosso sistema Acesites
•	PASSWORD: Senha provisória recebida no e-mail (Verificar Lixo Eletrônico).
•	Configurar o celular para permitir o aplicativo utilizar a localização do aparelho durante o uso do APP (Configuração varia de acordo com o modelo do celular)
Após baixar o APP entrar em contato com o NOC TBSA para dar entrada ao site:
NOC (21) 2391 9487

Deborah Perotti"
427639,TCMGBHO0082,MGPAM30,Liberado,07/10/2026,MANSUETO FILIZZOLA 14- SN,BH,Rafael Porto Alves da Cruz,"Carta encaminhada ao local.
Problemas de acesso, acionar o NOC TBSA 21 2391-9487 (wpp/lig) com os técnicos no local para tratarmos pontualmente.

Maria Eduarda"
427657,TCMGITO0003,MGITO02,Liberado,07/10/2026,MARZARGAO SN,BH,Renato Parreiras,"""Após a aprovação do chamado em nosso sistema o técnico deverá baixar o APP em seu celular.
NOME DO APLICATIVO: MASTER LOCK VAULT ENTERPRISE:
•	Após acesso liberado via acesites e cadastro interno do sistema o técnico receberá um e-mail (noreply@masterlockvault.com) com uma senha provisória.
•	No primeiro acesso deverão ser preenchidos os campos a seguir:
•	ORGANIZATION ID: TORRESDOBRASIL 
•	EMAIL: Preencher e-mail cadastrado em nosso sistema Acesites
•	PASSWORD: Senha provisória recebida no e-mail (Verificar Lixo Eletrônico).
•	Configurar o celular para permitir o aplicativo utilizar a localização do aparelho durante o uso do APP (Configuração varia de acordo com o modelo do celular)

Após baixar o APP entrar em contato com o NOC TBSA para dar entrada ao site:
NOC (21) 2391 9487""
Maria Eduarda R."
417100,TCMGNAZ0001,MGNAZ01,Liberado,22/09/2026,MAURICIO CELSO CORREA TEIXEIRA- S/N,SUL,Adriano Francisco de Paula,"""Para os acessos da Regional de MG, foi realizado uma reunião com a Claro e para os sites PORTFOLIO TBSA será necessário apresentação apenas do chamado do sistema Acesites na Central da Claro para retirada de chaves.
 
Encaminhar o formulário via e-mail SUPNOC por e-mail para encaminharmos para Claro.
 
Obs.: Atividade precisa estar aprovada, vigente e o nome do colaborador na lista.
 
ENDEREÇO DA CENTRAL DOS SITES em MG: RUA ESPÍRITO SANTO N°1000 - CENTRO""


Thais Fernandes"
427663,TCMGMTL0003,MGMTL80,Liberado,07/10/2026,MG 050,BH,Renato Parreiras,"""Após a aprovação do chamado em nosso sistema o técnico deverá baixar o APP em seu celular.
NOME DO APLICATIVO: MASTER LOCK VAULT ENTERPRISE:
•	Após acesso liberado via acesites e cadastro interno do sistema o técnico receberá um e-mail (noreply@masterlockvault.com) com uma senha provisória.
•	No primeiro acesso deverão ser preenchidos os campos a seguir:
•	ORGANIZATION ID: TORRESDOBRASIL 
•	EMAIL: Preencher e-mail cadastrado em nosso sistema Acesites
•	PASSWORD: Senha provisória recebida no e-mail (Verificar Lixo Eletrônico).
•	Configurar o celular para permitir o aplicativo utilizar a localização do aparelho durante o uso do APP (Configuração varia de acordo com o modelo do celular)

Após baixar o APP entrar em contato com o NOC TBSA para dar entrada ao site:
NOC (21) 2391 9487""
Maria Eduarda R."
428074,TCMGMAS0002,MGMAS01,Liberado,17/11/2026,MG 108- SN,LESTE,Paulo De Freitas Pereira,"""“Para os acessos da Regional MG, foi realizada uma reunião com a Claro e ficou definido que, para os sites do portfólio TBSA, será necessária apenas a apresentação do chamado do sistema Acesites na Central da Claro para retirada das chaves. Para isso, deverá ser encaminhado um e-mail para Vanessa (vanessa.barros.terceiros@siteslatam.com.br), solicitando o formulário para preenchimento e liberação das chaves.
Observações:
A atividade deve estar aprovada e vigente no sistema.
O nome do colaborador deve constar na lista de autorização.
O endereço para retirada das chaves será encaminhado pelo responsável da Central via e-mail.”""

Melissa Sato"
427694,TCMGACA0002,MGACAR1,Aguardando Aprovação,07/10/2026,MG 262 SN,METROPOLITANO,Arthur Santos de Oliveira,
417064,TCMGELM0002,MGELMR1,Liberado,22/09/2026,MG491 SN,SUL,Adriano Francisco de Paula,"Após a aprovação do chamado em nosso sistema o técnico deverá baixar o APP em seu celular.
NOME DO APLICATIVO: MASTER LOCK VAULT ENTERPRISE:
•	Após acesso liberado via acesites e cadastro interno do sistema o técnico receberá um e-mail (noreply@masterlockvault.com) com uma senha provisória.
•	No primeiro acesso deverão ser preenchidos os campos a seguir:
•	ORGANIZATION ID: TORRESDOBRASIL 
•	EMAIL: Preencher e-mail cadastrado em nosso sistema Acesites
•	PASSWORD: Senha provisória recebida no e-mail (Verificar Lixo Eletrônico).
•	Configurar o celular para permitir o aplicativo utilizar a localização do aparelho durante o uso do APP (Configuração varia de acordo com o modelo do celular)

Após baixar o APP entrar em contato com o NOC TBSA para dar entrada ao site:
NOC (21) 2391 9487

Ellen P"
427961,TCMGMCL0009,MGMCL21,Liberado,17/10/2026,MONTES CLAROS 39414000- SN,NORTE,Paulo De Freitas Pereira,"“Para os acessos da Regional MG, foi realizada uma reunião com a Claro e ficou definido que, para os sites do portfólio TBSA, será necessária apenas a apresentação do chamado do sistema Acesites na Central da Claro para retirada das chaves. Para isso, deverá ser encaminhado um e-mail para Vanessa (vanessa.barros.terceiros@siteslatam.com.br), solicitando o formulário para preenchimento e liberação das chaves.
Observações:
A atividade deve estar aprovada e vigente no sistema.
O nome do colaborador deve constar na lista de autorização.
O endereço para retirada das chaves será encaminhado pelo responsável da Central via e-mail.”

Deborah Perotti"
427779,TCMGSGR0001,MGSGR01,Liberado,07/10/2026,MORRO DA TORRE TV SN,METROPOLITANO,Arthur Santos de Oliveira,"Após a aprovação do chamado em nosso sistema o técnico deverá baixar o APP em seu celular.
NOME DO APLICATIVO: MASTER LOCK VAULT ENTERPRISE:
•	Após acesso liberado via acesites e cadastro interno do sistema o técnico receberá um e-mail (noreply@masterlockvault.com) com uma senha provisória.
•	No primeiro acesso deverão ser preenchidos os campos a seguir:
•	ORGANIZATION ID: TORRESDOBRASIL
•	EMAIL: Preencher e-mail cadastrado em nosso sistema Acesites
•	PASSWORD: Senha provisória recebida no e-mail (Verificar Lixo Eletrônico).
•	Configurar o celular para permitir o aplicativo utilizar a localização do aparelho durante o uso do APP (Configuração varia de acordo com o modelo do celular)
Após baixar o APP entrar em contato com o NOC TBSA para dar entrada ao site:
NOC (21) 2391 9487

Deborah Perotti"
428052,TEMGMED0001,MGMED80,Liberado,17/10/2026,MORRO DO AGUDO- S/N,LESTE,Paulo De Freitas Pereira,"""“Para os acessos da Regional MG, foi realizada uma reunião com a Claro e ficou definido que, para os sites do portfólio TBSA, será necessária apenas a apresentação do chamado do sistema Acesites na Central da Claro para retirada das chaves. Para isso, deverá ser encaminhado um e-mail para Vanessa (vanessa.barros.terceiros@siteslatam.com.br), solicitando o formulário para preenchimento e liberação das chaves.
Observações:
A atividade deve estar aprovada e vigente no sistema.
O nome do colaborador deve constar na lista de autorização.
O endereço para retirada das chaves será encaminhado pelo responsável da Central via e-mail.”""

Melissa Sato"
417040,TCMGCBQ0001,MGCBQ01,Liberado,22/09/2026,MORRO DO CRUZEIRO- SN,SUL,Adriano Francisco de Paula,"""Para os acessos da Regional de MG, foi realizado uma reunião com a Claro e para os sites PORTFOLIO TBSA será necessário apresentação apenas do chamado do sistema Acesites na Central da Claro para retirada de chaves.
 
Encaminhar o formulário via e-mail SUPNOC por e-mail para encaminharmos para Claro.
 
Obs.: Atividade precisa estar aprovada, vigente e o nome do colaborador na lista.
 
ENDEREÇO DA CENTRAL DOS SITES em MG: RUA ESPÍRITO SANTO N°1000 - CENTRO""
Maria Eduarda"
428011,TCMGCYA0001,MGCYA01,Liberado,17/10/2026,MORRO DO CRUZEIRO- SN,LESTE,Paulo De Freitas Pereira,"""“Para os acessos da Regional MG, foi realizada uma reunião com a Claro e ficou definido que, para os sites do portfólio TBSA, será necessária apenas a apresentação do chamado do sistema Acesites na Central da Claro para retirada das chaves. Para isso, deverá ser encaminhado um e-mail para Vanessa (vanessa.barros.terceiros@siteslatam.com.br), solicitando o formulário para preenchimento e liberação das chaves.
Observações:
A atividade deve estar aprovada e vigente no sistema.
O nome do colaborador deve constar na lista de autorização.
O endereço para retirada das chaves será encaminhado pelo responsável da Central via e-mail.”""

Melissa Sato"
417130,TCMGSJB0002,MGAPN01,Liberado,22/09/2026,MRO DAS ANTENAS-S/N,SUL,Adriano Francisco de Paula,"AN5A//PADRÃO EBT.

Para os acessos da Regional de MG, foi realizado uma reunião com a Claro e para os sites PORTFOLIO TBSA será necessário apresentação apenas do chamado do sistema Acesites na Central da Claro para retirada de chaves.
 
Encaminhar o formulário via e-mail SUPNOC por e-mail para encaminharmos para Claro.
 
Obs.: Atividade precisa estar aprovada, vigente e o nome do colaborador na lista.
 
ENDEREÇO DA CENTRAL DOS SITES em MG: RUA ESPÍRITO SANTO N°1000 - CENTRO.


Thais Fernandes"
428069,TCMGIPG0004,MGIPG27,Liberado,17/11/2026,NOVA ALAMEDA- 365,LESTE,Paulo De Freitas Pereira,"""“Para os acessos da Regional MG, foi realizada uma reunião com a Claro e ficou definido que, para os sites do portfólio TBSA, será necessária apenas a apresentação do chamado do sistema Acesites na Central da Claro para retirada das chaves. Para isso, deverá ser encaminhado um e-mail para Vanessa (vanessa.barros.terceiros@siteslatam.com.br), solicitando o formulário para preenchimento e liberação das chaves.
Observações:
A atividade deve estar aprovada e vigente no sistema.
O nome do colaborador deve constar na lista de autorização.
O endereço para retirada das chaves será encaminhado pelo responsável da Central via e-mail.”""

Melissa Sato"
428090,TCMGORI0001,MGORI01,Liberado,17/11/2026,ORIZANIA 36828000- SN,LESTE,Paulo De Freitas Pereira,"""“Para os acessos da Regional MG, foi realizada uma reunião com a Claro e ficou definido que, para os sites do portfólio TBSA, será necessária apenas a apresentação do chamado do sistema Acesites na Central da Claro para retirada das chaves. Para isso, deverá ser encaminhado um e-mail para Vanessa (vanessa.barros.terceiros@siteslatam.com.br), solicitando o formulário para preenchimento e liberação das chaves.
Observações:
A atividade deve estar aprovada e vigente no sistema.
O nome do colaborador deve constar na lista de autorização.
O endereço para retirada das chaves será encaminhado pelo responsável da Central via e-mail.”""

Melissa Sato"
417034,TCMGCAL0001,MGCAL01,Liberado,22/09/2026,PARQUE DAS ANTENAS SN,SUL,Adriano Francisco de Paula,"SEGREDO:0001
Maria Eduarda"
417177,TCMGPVI0001,MGPVI01,Liberado,22/09/2026,PASSA VINTE 37330000- SN,ZONA DA MATA,André Valério de Paiva,"""Para os acessos da Regional de MG, foi realizado uma reunião com a Claro e para os sites PORTFOLIO TBSA será necessário apresentação apenas do chamado do sistema Acesites na Central da Claro para retirada de chaves.
 
Encaminhar o formulário via e-mail SUPNOC por e-mail para encaminharmos para Claro.
 
Obs.: Atividade precisa estar aprovada, vigente e o nome do colaborador na lista.
 
ENDEREÇO DA CENTRAL DOS SITES em MG: RUA ESPÍRITO SANTO N°1000 - CENTRO""

Melissa Sato"
428029,TCMGSAG0003,MGSAG01,Liberado,17/10/2026,PATRIMÔNIO,LESTE,Paulo De Freitas Pereira,"""“Para os acessos da Regional MG, foi realizada uma reunião com a Claro e ficou definido que, para os sites do portfólio TBSA, será necessária apenas a apresentação do chamado do sistema Acesites na Central da Claro para retirada das chaves. Para isso, deverá ser encaminhado um e-mail para Vanessa (vanessa.barros.terceiros@siteslatam.com.br), solicitando o formulário para preenchimento e liberação das chaves.
Observações:
A atividade deve estar aprovada e vigente no sistema.
O nome do colaborador deve constar na lista de autorização.
O endereço para retirada das chaves será encaminhado pelo responsável da Central via e-mail.”""

Melissa Sato"
417031,TCMGBOE0001,MGBOER1,Liberado,22/09/2026,PC AMAPA 13,SUL,Adriano Francisco de Paula,"SEGREDO:0001
Maria Eduarda"
417082,TCMGIMT0001,MGIMT01,Liberado,22/09/2026,PC MARIA JOSE CARVALHO- SN,SUL,Adriano Francisco de Paula,"Para os acessos da Regional de MG, foi realizado uma reunião com a Claro e para os sites PORTFOLIO TBSA será necessário apresentação apenas do chamado do sistema Acesites na Central da Claro para retirada de chaves.
 
Encaminhar o formulário via e-mail SUPNOC por e-mail para encaminharmos para Claro.
 
Obs.: Atividade precisa estar aprovada, vigente e o nome do colaborador na lista.
 
ENDEREÇO DA CENTRAL DOS SITES em MG: RUA ESPÍRITO SANTO N°1000 - CENTRO.

Ellen P"
427946,TCMGUBE0012,MGULA20,Liberado,18/10/2026,PE. MANOEL DA NOBREGA ESQ REAL GRANDEZA 158,OESTE,Arthur Gomes de Paulo,"Após a aprovação do chamado em nosso sistema o técnico deverá baixar o APP em seu celular.
NOME DO APLICATIVO: MASTER LOCK VAULT ENTERPRISE:
•	Após acesso liberado via acesites e cadastro interno do sistema o técnico receberá um e-mail (noreply@masterlockvault.com) com uma senha provisória.
•	No primeiro acesso deverão ser preenchidos os campos a seguir:
•	ORGANIZATION ID: TORRESDOBRASIL
•	EMAIL: Preencher e-mail cadastrado em nosso sistema Acesites
•	PASSWORD: Senha provisória recebida no e-mail (Verificar Lixo Eletrônico).
•	Configurar o celular para permitir o aplicativo utilizar a localização do aparelho durante o uso do APP (Configuração varia de acordo com o modelo do celular)
Após baixar o APP entrar em contato com o NOC TBSA para dar entrada ao site:
NOC (21) 2391 9487

Deborah Perotti"
428094,TCMGPEB0001,MGPEB01,Liberado,17/11/2026,PEDRA BONITA 35364000- SN,LESTE,Paulo De Freitas Pereira,"SEGREDO 5000

Melissa Sato"
428095,TCMGPEB0002,MGPEB02,Liberado,17/11/2026,PEDRA BONITA 35364000- SN,LESTE,Paulo De Freitas Pereira,"""“Para os acessos da Regional MG, foi realizada uma reunião com a Claro e ficou definido que, para os sites do portfólio TBSA, será necessária apenas a apresentação do chamado do sistema Acesites na Central da Claro para retirada das chaves. Para isso, deverá ser encaminhado um e-mail para Vanessa (vanessa.barros.terceiros@siteslatam.com.br), solicitando o formulário para preenchimento e liberação das chaves.
Observações:
A atividade deve estar aprovada e vigente no sistema.
O nome do colaborador deve constar na lista de autorização.
O endereço para retirada das chaves será encaminhado pelo responsável da Central via e-mail.”""

Melissa Sato"
417143,TCMGAIT0001,MGAIT01,Liberado,22/09/2026,PEDRO CÍBIO CARMINATE- SN,ZONA DA MATA,André Valério de Paiva,"""Para os acessos da Regional de MG, foi realizado uma reunião com a Claro e para os sites PORTFOLIO TBSA será necessário apresentação apenas do chamado do sistema Acesites na Central da Claro para retirada de chaves.
 
Encaminhar o formulário via e-mail SUPNOC por e-mail para encaminharmos para Claro.
 
Obs.: Atividade precisa estar aprovada, vigente e o nome do colaborador na lista.
 
ENDEREÇO DA CENTRAL DOS SITES em MG: RUA ESPÍRITO SANTO N°1000 - CENTRO""

Melissa Sato"
428096,TEMGGVD0003,MGGVD82,Liberado,17/11/2026,PICO DO IBITURUNA- 99-,LESTE,Paulo De Freitas Pereira,"""“Para os acessos da Regional MG, foi realizada uma reunião com a Claro e ficou definido que, para os sites do portfólio TBSA, será necessária apenas a apresentação do chamado do sistema Acesites na Central da Claro para retirada das chaves. Para isso, deverá ser encaminhado um e-mail para Vanessa (vanessa.barros.terceiros@siteslatam.com.br), solicitando o formulário para preenchimento e liberação das chaves.
Observações:
A atividade deve estar aprovada e vigente no sistema.
O nome do colaborador deve constar na lista de autorização.
O endereço para retirada das chaves será encaminhado pelo responsável da Central via e-mail.”""

Melissa Sato"
417079,TCMGILI0001,MGILI01,Liberado,22/09/2026,PITANGUEIRAS SN,SUL,Adriano Francisco de Paula,"""Após a aprovação do chamado em nosso sistema o técnico deverá baixar o APP em seu celular.
NOME DO APLICATIVO: MASTER LOCK VAULT ENTERPRISE:
•	Após acesso liberado via acesites e cadastro interno do sistema o técnico receberá um e-mail (noreply@masterlockvault.com) com uma senha provisória.
•	No primeiro acesso deverão ser preenchidos os campos a seguir:
•	ORGANIZATION ID: TORRESDOBRASIL 
•	EMAIL: Preencher e-mail cadastrado em nosso sistema Acesites
•	PASSWORD: Senha provisória recebida no e-mail (Verificar Lixo Eletrônico).
•	Configurar o celular para permitir o aplicativo utilizar a localização do aparelho durante o uso do APP (Configuração varia de acordo com o modelo do celular)

Após baixar o APP entrar em contato com o NOC TBSA para dar entrada ao site:
NOC (21) 2391 9487""

Maria Eduarda"
428085,TCMGMTP0001,MGMTP02,Liberado,17/11/2026,PONTA NEGRA MATIPO 35367000- SN,LESTE,Paulo De Freitas Pereira,"""“Para os acessos da Regional MG, foi realizada uma reunião com a Claro e ficou definido que, para os sites do portfólio TBSA, será necessária apenas a apresentação do chamado do sistema Acesites na Central da Claro para retirada das chaves. Para isso, deverá ser encaminhado um e-mail para Vanessa (vanessa.barros.terceiros@siteslatam.com.br), solicitando o formulário para preenchimento e liberação das chaves.
Observações:
A atividade deve estar aprovada e vigente no sistema.
O nome do colaborador deve constar na lista de autorização.
O endereço para retirada das chaves será encaminhado pelo responsável da Central via e-mail.”""

Melissa Sato"
427798,TCMGADO0001,MGARE01,Liberado,07/10/2026,PORTAO VELHO SN,SUL,Adriano Francisco de Paula,"Após a aprovação do chamado em nosso sistema o técnico deverá baixar o APP em seu celular.
NOME DO APLICATIVO: MASTER LOCK VAULT ENTERPRISE:
•	Após acesso liberado via acesites e cadastro interno do sistema o técnico receberá um e-mail (noreply@masterlockvault.com) com uma senha provisória.
•	No primeiro acesso deverão ser preenchidos os campos a seguir:
•	ORGANIZATION ID: TORRESDOBRASIL
•	EMAIL: Preencher e-mail cadastrado em nosso sistema Acesites
•	PASSWORD: Senha provisória recebida no e-mail (Verificar Lixo Eletrônico).
•	Configurar o celular para permitir o aplicativo utilizar a localização do aparelho durante o uso do APP (Configuração varia de acordo com o modelo do celular)
Após baixar o APP entrar em contato com o NOC TBSA para dar entrada ao site:
NOC (21) 2391 9487

Deborah Perotti"
428020,TCMGNAQ0002,MGNAQ01,Liberado,17/10/2026,POUSO ALEGRE 304,LESTE,Paulo De Freitas Pereira,"""Após a aprovação do chamado em nosso sistema o técnico deverá baixar o APP em seu celular.
NOME DO APLICATIVO: MASTER LOCK VAULT ENTERPRISE:
•	Após acesso liberado via acesites e cadastro interno do sistema o técnico receberá um e-mail (noreply@masterlockvault.com) com uma senha provisória.
•	No primeiro acesso deverão ser preenchidos os campos a seguir:
•	ORGANIZATION ID: TORRESDOBRASIL
•	EMAIL: Preencher e-mail cadastrado em nosso sistema Acesites
•	PASSWORD: Senha provisória recebida no e-mail (Verificar Lixo Eletrônico).
•	Configurar o celular para permitir o aplicativo utilizar a localização do aparelho durante o uso do APP (Configuração varia de acordo com o modelo do celular)

Após baixar o APP entrar em contato com o NOC TBSA para dar entrada ao site:
NOC (21) 2391 9487""

Melissa Sato"
427923,TCMGPMS0001,MGPMS04,Liberado,18/10/2026,PRACA BELCHIOR FRANCISCO ROSA SN,OESTE,Arthur Gomes de Paulo,"Após a aprovação do chamado em nosso sistema o técnico deverá baixar o APP em seu celular.
NOME DO APLICATIVO: MASTER LOCK VAULT ENTERPRISE:
•	Após acesso liberado via acesites e cadastro interno do sistema o técnico receberá um e-mail (noreply@masterlockvault.com) com uma senha provisória.
•	No primeiro acesso deverão ser preenchidos os campos a seguir:
•	ORGANIZATION ID: TORRESDOBRASIL
•	EMAIL: Preencher e-mail cadastrado em nosso sistema Acesites
•	PASSWORD: Senha provisória recebida no e-mail (Verificar Lixo Eletrônico).
•	Configurar o celular para permitir o aplicativo utilizar a localização do aparelho durante o uso do APP (Configuração varia de acordo com o modelo do celular)
Após baixar o APP entrar em contato com o NOC TBSA para dar entrada ao site:
NOC (21) 2391 9487

Deborah Perotti"
427919,TCMGFRU0004,MGFRU03,Liberado,18/10/2026,PRACA DA MATRIZ- 99,OESTE,Arthur Gomes de Paulo,"Carta encaminhada ao local.
Problemas de acesso, acionar o NOC TBSA 21 2391-9487 (wpp/lig) com os técnicos no local para tratarmos pontualmente.
Melissa Sato"
428045,TCMGTUR0001,MGTUR01,Liberado,17/10/2026,PRACA DA TORRE 193,LESTE,Paulo De Freitas Pereira,"""Após a aprovação do chamado em nosso sistema o técnico deverá baixar o APP em seu celular.
NOME DO APLICATIVO: MASTER LOCK VAULT ENTERPRISE:
•	Após acesso liberado via acesites e cadastro interno do sistema o técnico receberá um e-mail (noreply@masterlockvault.com) com uma senha provisória.
•	No primeiro acesso deverão ser preenchidos os campos a seguir:
•	ORGANIZATION ID: TORRESDOBRASIL
•	EMAIL: Preencher e-mail cadastrado em nosso sistema Acesites
•	PASSWORD: Senha provisória recebida no e-mail (Verificar Lixo Eletrônico).
•	Configurar o celular para permitir o aplicativo utilizar a localização do aparelho durante o uso do APP (Configuração varia de acordo com o modelo do celular)

Após baixar o APP entrar em contato com o NOC TBSA para dar entrada ao site:
NOC (21) 2391 9487""

Melissa Sato"
427700,TCMGBLD0001,MGBLD01,Aguardando Aprovação,07/10/2026,PRACA DO CRUZEIRO,METROPOLITANO,Leandro de Menezes Assunção,
417094,TCMGMFE0001,MGMDF01,Liberado,22/09/2026,PRACA GETULIO VARGAS- 104,SUL,Adriano Francisco de Paula,"""Para os acessos da Regional de MG, foi realizado uma reunião com a Claro e para os sites PORTFOLIO TBSA será necessário apresentação apenas do chamado do sistema Acesites na Central da Claro para retirada de chaves.
 
Encaminhar o formulário via e-mail SUPNOC por e-mail para encaminharmos para Claro.
 
Obs.: Atividade precisa estar aprovada, vigente e o nome do colaborador na lista.
 
ENDEREÇO DA CENTRAL DOS SITES em MG: RUA ESPÍRITO SANTO N°1000 - CENTRO""

Thais Fernandes"
427764,TCMGOLI0001,MGOLI01,Aguardando Aprovação,07/10/2026,PRACA PINTO MACHADO 22,METROPOLITANO,Leandro de Menezes Assunção,
417096,TCMGMSI0001,MGMSI01,Liberado,22/09/2026,PRACA PREF MARIO ZUCATO- 35,SUL,Adriano Francisco de Paula,"""Para os acessos da Regional de MG, foi realizado uma reunião com a Claro e para os sites PORTFOLIO TBSA será necessário apresentação apenas do chamado do sistema Acesites na Central da Claro para retirada de chaves.
 
Encaminhar o formulário via e-mail SUPNOC por e-mail para encaminharmos para Claro.
 
Obs.: Atividade precisa estar aprovada, vigente e o nome do colaborador na lista.
 
ENDEREÇO DA CENTRAL DOS SITES em MG: RUA ESPÍRITO SANTO N°1000 - CENTRO""


Thais Fernandes"
417036,TCMGCAM0002,MGCAM02,Liberado,22/09/2026,PRACA SEM DENOMINACAO- SN,SUL,Adriano Francisco de Paula,"Para os acessos da Regional de MG, foi realizado uma reunião com a Claro e para os sites PORTFOLIO TBSA será necessário apresentação apenas do chamado do sistema Acesites na Central da Claro para retirada de chaves.
 
Encaminhar o formulário via e-mail SUPNOC por e-mail para encaminharmos para Claro.
 
Obs.: Atividade precisa estar aprovada, vigente e o nome do colaborador na lista.
 
ENDEREÇO DA CENTRAL DOS SITES em MG: RUA ESPÍRITO SANTO N°1000 - CENTRO""

Maria Eduarda"
427693,TCMGACA0001,MGACA01,Aguardando Aprovação,07/10/2026,PRAIA DO FELICIO- SN,METROPOLITANO,Arthur Santos de Oliveira,
428063,TCMGGVD0007,MGGVD13,Liberado,17/11/2026,PRESIDENTE ARTHUR BERNARDES 687- SN,LESTE,Paulo De Freitas Pereira,"""“Para os acessos da Regional MG, foi realizada uma reunião com a Claro e ficou definido que, para os sites do portfólio TBSA, será necessária apenas a apresentação do chamado do sistema Acesites na Central da Claro para retirada das chaves. Para isso, deverá ser encaminhado um e-mail para Vanessa (vanessa.barros.terceiros@siteslatam.com.br), solicitando o formulário para preenchimento e liberação das chaves.
Observações:
A atividade deve estar aprovada e vigente no sistema.
O nome do colaborador deve constar na lista de autorização.
O endereço para retirada das chaves será encaminhado pelo responsável da Central via e-mail.”""

Melissa Sato"
417131,TCMGSLR0001,MGSLR01,Liberado,22/09/2026,PRIMEIRO DE ABRIL647,SUL,Adriano Francisco de Paula,"Para os acessos da Regional de MG, foi realizado uma reunião com a Claro e para os sites PORTFOLIO TBSA será necessário apresentação apenas do chamado do sistema Acesites na Central da Claro para retirada de chaves.
 
Encaminhar o formulário via e-mail SUPNOC por e-mail para encaminharmos para Claro.
 
Obs.: Atividade precisa estar aprovada, vigente e o nome do colaborador na lista.
 
ENDEREÇO DA CENTRAL DOS SITES em MG: RUA ESPÍRITO SANTO N°1000 - CENTRO


Thais Fernandes"
427910,TEMGCTS0001,MGCTS02,Liberado,01/11/2026,PROJETADAS/N,ZONA DA MATA,André Valério de Paiva,"“Para os acessos da Regional MG, foi realizada uma reunião com a Claro e ficou definido que, para os sites do portfólio TBSA, será necessária apenas a apresentação do chamado do sistema Acesites na Central da Claro para retirada das chaves. Para isso, deverá ser encaminhado um e-mail para Vanessa (vanessa.barros.terceiros@siteslatam.com.br), solicitando o formulário para preenchimento e liberação das chaves.
Observações:
A atividade deve estar aprovada e vigente no sistema.
O nome do colaborador deve constar na lista de autorização.
O endereço para retirada das chaves será encaminhado pelo responsável da Central via e-mail.”


Deborah Perotti"
427899,TCMGJAI0001,MGJAI02,Reprovado,09/10/2026,PROJETO JAIBA SN,NORTE,Paulo De Freitas Pereira,"Site informado formulário não corresponde ao do AceSites.

Deborah Perotti"
427999,TCMGADS0002,MGADS80,Liberado,17/10/2026,PROJETO JATOBA II- SN,LESTE,Paulo De Freitas Pereira,"“Para os acessos da Regional MG, foi realizada uma reunião com a Claro e ficou definido que, para os sites do portfólio TBSA, será necessária apenas a apresentação do chamado do sistema Acesites na Central da Claro para retirada das chaves. Para isso, deverá ser encaminhado um e-mail para Vanessa (vanessa.barros.terceiros@siteslatam.com.br), solicitando o formulário para preenchimento e liberação das chaves.
Observações:
A atividade deve estar aprovada e vigente no sistema.
O nome do colaborador deve constar na lista de autorização.
O endereço para retirada das chaves será encaminhado pelo responsável da Central via e-mail.”

Thais Fernandes"
428093,TCMGPAZ0001,MGPAZ01,Liberado,17/11/2026,PROXIMA A CIDADE DE PEDRA AZUL SN,LESTE,Paulo De Freitas Pereira,"PROTECAES 

""Após a aprovação do chamado em nosso sistema o técnico deverá baixar o APP em seu celular.
NOME DO APLICATIVO: MASTER LOCK VAULT ENTERPRISE:
•	Após acesso liberado via acesites e cadastro interno do sistema o técnico receberá um e-mail (noreply@masterlockvault.com) com uma senha provisória.
•	No primeiro acesso deverão ser preenchidos os campos a seguir:
•	ORGANIZATION ID: TORRESDOBRASIL
•	EMAIL: Preencher e-mail cadastrado em nosso sistema Acesites
•	PASSWORD: Senha provisória recebida no e-mail (Verificar Lixo Eletrônico).
•	Configurar o celular para permitir o aplicativo utilizar a localização do aparelho durante o uso do APP (Configuração varia de acordo com o modelo do celular)

Após baixar o APP entrar em contato com o NOC TBSA para dar entrada ao site:
NOC (21) 2391 9487""

Melissa Sato"
427680,TCMGSBR0003,MGSBRR1,Liberado,07/10/2026,QUINHAO N 3,BH,Rafael Porto Alves da Cruz,"Após a aprovação do chamado em nosso sistema o técnico deverá baixar o APP em seu celular.
NOME DO APLICATIVO: MASTER LOCK VAULT ENTERPRISE:
•	Após acesso liberado via acesites e cadastro interno do sistema o técnico receberá um e-mail (noreply@masterlockvault.com) com uma senha provisória.
•	No primeiro acesso deverão ser preenchidos os campos a seguir:
•	ORGANIZATION ID: TORRESDOBRASIL
•	EMAIL: Preencher e-mail cadastrado em nosso sistema Acesites
•	PASSWORD: Senha provisória recebida no e-mail (Verificar Lixo Eletrônico).
•	Configurar o celular para permitir o aplicativo utilizar a localização do aparelho durante o uso do APP (Configuração varia de acordo com o modelo do celular)
Após baixar o APP entrar em contato com o NOC TBSA para dar entrada ao site:
NOC (21) 2391 9487

Deborah Perotti"
428053,TEMGTEO0001,MGTEO99,Liberado,17/10/2026,R  ENGENHEIRO CELSO MURTA 242 DOUTOR LAERTE LAENDER,LESTE,Paulo De Freitas Pereira,"CADEADO SEGREDO, SENHA 0001 

Melissa Sato"
427902,TCMGOPR0007,MGOPR08,Liberado,22/11/2026,R DIAMANTE SN,METROPOLITANO,Arthur Santos de Oliveira,"Após a aprovação do chamado em nosso sistema o técnico deverá baixar o APP em seu celular.
NOME DO APLICATIVO: MASTER LOCK VAULT ENTERPRISE:
•	Após acesso liberado via acesites e cadastro interno do sistema o técnico receberá um e-mail (noreply@masterlockvault.com) com uma senha provisória.
•	No primeiro acesso deverão ser preenchidos os campos a seguir:
•	ORGANIZATION ID: TORRESDOBRASIL
•	EMAIL: Preencher e-mail cadastrado em nosso sistema Acesites
•	PASSWORD: Senha provisória recebida no e-mail (Verificar Lixo Eletrônico).
•	Configurar o celular para permitir o aplicativo utilizar a localização do aparelho durante o uso do APP (Configuração varia de acordo com o modelo do celular)
Após baixar o APP entrar em contato com o NOC TBSA para dar entrada ao site:
NOC (21) 2391 9487

Deborah Perotti"
427747,TCMGJML0002,MGJML09,Aguardando Aprovação,07/10/2026,R EQUADOR LT 24 QD 100 SN,METROPOLITANO,Arthur Santos de Oliveira,
427641,TCMGBHO0085,MGBEL35,Liberado,07/10/2026,R GRAJÁU- 368,BH,Renato Parreiras,"CHAVE ESPECÍFICA NA PORTARIA /CARTA DE ACESSO CLARO // GRADIL: SEGREDO: 3631 // QTM: SEGREDO: 3631

Carta encaminhada ao local.
Problemas de acesso, acionar o NOC TBSA 21 2391-9487 (wpp/lig) com os técnicos no local para tratarmos pontualmente.

Maria Eduarda"
427774,TCMGPRM0003,MGPRM02,Aguardando Aprovação,07/10/2026,R JOSE ALMEIDA MENDONCA SN,METROPOLITANO,Leandro de Menezes Assunção,
427750,TCMGMRN0002,MGMRN03,Liberado,07/10/2026,RAIMUNDO GAMARANO- 1,METROPOLITANO,Arthur Santos de Oliveira,"Carta encaminhada ao local.
Problemas de acesso, acionar o NOC TBSA 21 2391-9487 (wpp/lig) com os técnicos no local para tratarmos pontualmente.
Melissa Sato"
427726,TCMGFEL0001,MGFEL01,Aguardando Aprovação,07/10/2026,ROBERTO LUCIO AROEIRA SN,METROPOLITANO,Leandro de Menezes Assunção,
427813,TCMGSJB0001,MGSJBR1,Liberado,07/10/2026,ROD ANAPINOPOLIS A FURNAS SN,SUL,Adriano Francisco de Paula,"Após a aprovação do chamado em nosso sistema o técnico deverá baixar o APP em seu celular.
NOME DO APLICATIVO: MASTER LOCK VAULT ENTERPRISE:
•	Após acesso liberado via acesites e cadastro interno do sistema o técnico receberá um e-mail (noreply@masterlockvault.com) com uma senha provisória.
•	No primeiro acesso deverão ser preenchidos os campos a seguir:
•	ORGANIZATION ID: TORRESDOBRASIL
•	EMAIL: Preencher e-mail cadastrado em nosso sistema Acesites
•	PASSWORD: Senha provisória recebida no e-mail (Verificar Lixo Eletrônico).
•	Configurar o celular para permitir o aplicativo utilizar a localização do aparelho durante o uso do APP (Configuração varia de acordo com o modelo do celular)
Após baixar o APP entrar em contato com o NOC TBSA para dar entrada ao site:
NOC (21) 2391 9487

Deborah Perotti"
428031,TCMGSFE0001,MGSFE80,Liberado,17/10/2026,ROD BR 259 FAZENDA DO PRATA- SN,LESTE,Paulo De Freitas Pereira,"""“Para os acessos da Regional MG, foi realizada uma reunião com a Claro e ficou definido que, para os sites do portfólio TBSA, será necessária apenas a apresentação do chamado do sistema Acesites na Central da Claro para retirada das chaves. Para isso, deverá ser encaminhado um e-mail para Vanessa (vanessa.barros.terceiros@siteslatam.com.br), solicitando o formulário para preenchimento e liberação das chaves.
Observações:
A atividade deve estar aprovada e vigente no sistema.
O nome do colaborador deve constar na lista de autorização.
O endereço para retirada das chaves será encaminhado pelo responsável da Central via e-mail.”""

Melissa Sato"
427665,TCMGNLM0003,MGBAR19,Liberado,07/10/2026,ROD BR040- 538,BH,Renato Parreiras,"PORTÃO: CHAMAR NA RÁDIO (Pedir para ligar ao local) PORTÃO SEGREDO: 3631

""Para os acessos da Regional de MG, foi realizado uma reunião com a Claro e para os sites PORTFOLIO TBSA será necessário apresentação apenas do chamado do sistema Acesites na Central da Claro para retirada de chaves.
 
Encaminhar o formulário via e-mail SUPNOC por e-mail para encaminharmos para Claro.
 
Obs.: Atividade precisa estar aprovada, vigente e o nome do colaborador na lista.
 
ENDEREÇO DA CENTRAL DOS SITES em MG: RUA ESPÍRITO SANTO N°1000 - CENTRO""


Deborah perotti"
427777,TCMGRCA0002,MGRCAR2,Liberado,07/10/2026,ROD BR262 1,METROPOLITANO,Arthur Santos de Oliveira,"PORTÃO 1: AN6 // GRADIL 1: AN1 // QTM: CLMVN Claro Nova

Após a aprovação do chamado em nosso sistema o técnico deverá baixar o APP em seu celular.
NOME DO APLICATIVO: MASTER LOCK VAULT ENTERPRISE:
•	Após acesso liberado via acesites e cadastro interno do sistema o técnico receberá um e-mail (noreply@masterlockvault.com) com uma senha provisória.
•	No primeiro acesso deverão ser preenchidos os campos a seguir:
•	ORGANIZATION ID: TORRESDOBRASIL
•	EMAIL: Preencher e-mail cadastrado em nosso sistema Acesites
•	PASSWORD: Senha provisória recebida no e-mail (Verificar Lixo Eletrônico).
•	Configurar o celular para permitir o aplicativo utilizar a localização do aparelho durante o uso do APP (Configuração varia de acordo com o modelo do celular)
Após baixar o APP entrar em contato com o NOC TBSA para dar entrada ao site:
NOC (21) 2391 9487

Deborah Perotti"
427702,TCMGBVM0001,MGBVMR1,Aguardando Aprovação,07/10/2026,ROD BR262 KM191 SN,METROPOLITANO,Arthur Santos de Oliveira,
428046,TCMGUPG0001,MGUPGR1,Liberado,17/10/2026,ROD BR381 SN,LESTE,Paulo De Freitas Pereira,"""Após a aprovação do chamado em nosso sistema o técnico deverá baixar o APP em seu celular.
NOME DO APLICATIVO: MASTER LOCK VAULT ENTERPRISE:
•	Após acesso liberado via acesites e cadastro interno do sistema o técnico receberá um e-mail (noreply@masterlockvault.com) com uma senha provisória.
•	No primeiro acesso deverão ser preenchidos os campos a seguir:
•	ORGANIZATION ID: TORRESDOBRASIL
•	EMAIL: Preencher e-mail cadastrado em nosso sistema Acesites
•	PASSWORD: Senha provisória recebida no e-mail (Verificar Lixo Eletrônico).
•	Configurar o celular para permitir o aplicativo utilizar a localização do aparelho durante o uso do APP (Configuração varia de acordo com o modelo do celular)

Após baixar o APP entrar em contato com o NOC TBSA para dar entrada ao site:
NOC (21) 2391 9487""

Melissa Sato"
427658,TCMGJTB0002,MGSDHR1,Liberado,07/10/2026,ROD MG10 SN,BH,Rafael Porto Alves da Cruz,"""Após a aprovação do chamado em nosso sistema o técnico deverá baixar o APP em seu celular.
NOME DO APLICATIVO: MASTER LOCK VAULT ENTERPRISE:
•	Após acesso liberado via acesites e cadastro interno do sistema o técnico receberá um e-mail (noreply@masterlockvault.com) com uma senha provisória.
•	No primeiro acesso deverão ser preenchidos os campos a seguir:
•	ORGANIZATION ID: TORRESDOBRASIL 
•	EMAIL: Preencher e-mail cadastrado em nosso sistema Acesites
•	PASSWORD: Senha provisória recebida no e-mail (Verificar Lixo Eletrônico).
•	Configurar o celular para permitir o aplicativo utilizar a localização do aparelho durante o uso do APP (Configuração varia de acordo com o modelo do celular)

Após baixar o APP entrar em contato com o NOC TBSA para dar entrada ao site:
NOC (21) 2391 9487""
Maria Eduarda R."
417113,TCMGPQT0001,MGPQT01,Liberado,22/09/2026,ROD MG158- SN,SUL,Adriano Francisco de Paula,"Para os acessos da Regional de MG, foi realizado uma reunião com a Claro e para os sites PORTFOLIO TBSA será necessário apresentação apenas do chamado do sistema Acesites na Central da Claro para retirada de chaves.
 
Encaminhar o formulário via e-mail SUPNOC por e-mail para encaminharmos para Claro.
 
Obs.: Atividade precisa estar aprovada, vigente e o nome do colaborador na lista.
 
ENDEREÇO DA CENTRAL DOS SITES em MG: RUA ESPÍRITO SANTO N°1000 - CENTRO.


Thais Fernandes"
427767,TCMGOPR0001,MGOPRR1,Aguardando Aprovação,07/10/2026,RODDOS INCONFIDENTES SN,METROPOLITANO,Arthur Santos de Oliveira,
428083,TCMGMNH0007,MGMNHR5,Liberado,17/11/2026,RODOVIA BR  116 KM 586- SN,LESTE,Paulo De Freitas Pereira,"""“Para os acessos da Regional MG, foi realizada uma reunião com a Claro e ficou definido que, para os sites do portfólio TBSA, será necessária apenas a apresentação do chamado do sistema Acesites na Central da Claro para retirada das chaves. Para isso, deverá ser encaminhado um e-mail para Vanessa (vanessa.barros.terceiros@siteslatam.com.br), solicitando o formulário para preenchimento e liberação das chaves.
Observações:
A atividade deve estar aprovada e vigente no sistema.
O nome do colaborador deve constar na lista de autorização.
O endereço para retirada das chaves será encaminhado pelo responsável da Central via e-mail.”""

Melissa Sato"
428041,TCMGSRY0002,MGSRI80,Liberado,17/10/2026,RODOVIA BR  116- SN,LESTE,Paulo De Freitas Pereira,"""“Para os acessos da Regional MG, foi realizada uma reunião com a Claro e ficou definido que, para os sites do portfólio TBSA, será necessária apenas a apresentação do chamado do sistema Acesites na Central da Claro para retirada das chaves. Para isso, deverá ser encaminhado um e-mail para Vanessa (vanessa.barros.terceiros@siteslatam.com.br), solicitando o formulário para preenchimento e liberação das chaves.
Observações:
A atividade deve estar aprovada e vigente no sistema.
O nome do colaborador deve constar na lista de autorização.
O endereço para retirada das chaves será encaminhado pelo responsável da Central via e-mail.”""

Melissa Sato"
427780,TCMGSGR0002,MGSGRR1,Liberado,07/10/2026,RODOVIA BR  381   KM 371- SN,METROPOLITANO,Arthur Santos de Oliveira,"“Para os acessos da Regional MG, foi realizada uma reunião com a Claro e ficou definido que, para os sites do portfólio TBSA, será necessária apenas a apresentação do chamado do sistema Acesites na Central da Claro para retirada das chaves. Para isso, deverá ser encaminhado um e-mail para Vanessa (vanessa.barros.terceiros@siteslatam.com.br), solicitando o formulário para preenchimento e liberação das chaves.
Observações:
A atividade deve estar aprovada e vigente no sistema.
O nome do colaborador deve constar na lista de autorização.
O endereço para retirada das chaves será encaminhado pelo responsável da Central via e-mail.”

Deborah Perotti"
417136,TCMGSSV0001,MGSSVR1,Liberado,22/09/2026,RODOVIA BR  381 FERNAO DIAS SN,SUL,Adriano Francisco de Paula,"Após a aprovação do chamado em nosso sistema o técnico deverá baixar o APP em seu celular.
NOME DO APLICATIVO: MASTER LOCK VAULT ENTERPRISE:
•	Após acesso liberado via acesites e cadastro interno do sistema o técnico receberá um e-mail (noreply@masterlockvault.com) com uma senha provisória.
•	No primeiro acesso deverão ser preenchidos os campos a seguir:
•	ORGANIZATION ID: TORRESDOBRASIL
•	EMAIL: Preencher e-mail cadastrado em nosso sistema Acesites
•	PASSWORD: Senha provisória recebida no e-mail (Verificar Lixo Eletrônico).
•	Configurar o celular para permitir o aplicativo utilizar a localização do aparelho durante o uso do APP (Configuração varia de acordo com o modelo do celular)

Após baixar o APP entrar em contato com o NOC TBSA para dar entrada ao site:
NOC (21) 2391 9487


Thais Fernandes"
427763,TCMGNVU0002,MGNVUR1,Aguardando Aprovação,07/10/2026,RODOVIA BR  381- SN,METROPOLITANO,Arthur Santos de Oliveira,
427781,TCMGSGR0003,MGSGRR2,Liberado,07/10/2026,RODOVIA BR  381- SN,METROPOLITANO,Arthur Santos de Oliveira,"“Para os acessos da Regional MG, foi realizada uma reunião com a Claro e ficou definido que, para os sites do portfólio TBSA, será necessária apenas a apresentação do chamado do sistema Acesites na Central da Claro para retirada das chaves. Para isso, deverá ser encaminhado um e-mail para Vanessa (vanessa.barros.terceiros@siteslatam.com.br), solicitando o formulário para preenchimento e liberação das chaves.
Observações:
A atividade deve estar aprovada e vigente no sistema.
O nome do colaborador deve constar na lista de autorização.
O endereço para retirada das chaves será encaminhado pelo responsável da Central via e-mail.”


Deborah Perotti"
428048,TCMGYAU0001,MGYAU01,Liberado,17/10/2026,RODOVIA BR  458   CORREGO SANTO ESTEVAM SN,LESTE,Paulo De Freitas Pereira,"""Após a aprovação do chamado em nosso sistema o técnico deverá baixar o APP em seu celular.
NOME DO APLICATIVO: MASTER LOCK VAULT ENTERPRISE:
•	Após acesso liberado via acesites e cadastro interno do sistema o técnico receberá um e-mail (noreply@masterlockvault.com) com uma senha provisória.
•	No primeiro acesso deverão ser preenchidos os campos a seguir:
•	ORGANIZATION ID: TORRESDOBRASIL
•	EMAIL: Preencher e-mail cadastrado em nosso sistema Acesites
•	PASSWORD: Senha provisória recebida no e-mail (Verificar Lixo Eletrônico).
•	Configurar o celular para permitir o aplicativo utilizar a localização do aparelho durante o uso do APP (Configuração varia de acordo com o modelo do celular)

Após baixar o APP entrar em contato com o NOC TBSA para dar entrada ao site:
NOC (21) 2391 9487""

Melissa Sato"
417105,TCMGPGH0001,MGPGH01,Liberado,22/09/2026,RODOVIA BR  459- 7,SUL,Adriano Francisco de Paula,"Para os acessos da Regional de MG, foi realizado uma reunião com a Claro e para os sites PORTFOLIO TBSA será necessário apresentação apenas do chamado do sistema Acesites na Central da Claro para retirada de chaves.
 
Encaminhar o formulário via e-mail SUPNOC por e-mail para encaminharmos para Claro.
 
Obs.: Atividade precisa estar aprovada, vigente e o nome do colaborador na lista.
 
ENDEREÇO DA CENTRAL DOS SITES em MG: RUA ESPÍRITO SANTO N°1000 - CENTRO.


Thais Fernandes"
417165,TCMGEFZ0001,MGEFZ80,Liberado,22/09/2026,RODOVIA BR  482 SN,ZONA DA MATA,André Valério de Paiva,"CLNVN//AN2 - SITE COM ALARME, OS TELEFONES SÃO DO NOC DE SEGURANÇA DA CLARO.

""Para os acessos da Regional de MG, foi realizado uma reunião com a Claro e para os sites PORTFOLIO TBSA será necessário apresentação apenas do chamado do sistema Acesites na Central da Claro para retirada de chaves.
 
Encaminhar o formulário via e-mail SUPNOC por e-mail para encaminharmos para Claro.
 
Obs.: Atividade precisa estar aprovada, vigente e o nome do colaborador na lista.
 
ENDEREÇO DA CENTRAL DOS SITES em MG: RUA ESPÍRITO SANTO N°1000 - CENTRO""

Melissa Sato"
428082,TCMGMNH0006,MGMNHR4,Liberado,17/11/2026,RODOVIA BR  KM 116- SN,LESTE,Paulo De Freitas Pereira,"""“Para os acessos da Regional MG, foi realizada uma reunião com a Claro e ficou definido que, para os sites do portfólio TBSA, será necessária apenas a apresentação do chamado do sistema Acesites na Central da Claro para retirada das chaves. Para isso, deverá ser encaminhado um e-mail para Vanessa (vanessa.barros.terceiros@siteslatam.com.br), solicitando o formulário para preenchimento e liberação das chaves.
Observações:
A atividade deve estar aprovada e vigente no sistema.
O nome do colaborador deve constar na lista de autorização.
O endereço para retirada das chaves será encaminhado pelo responsável da Central via e-mail.”""

Melissa Sato"
417052,TCMGCOU0002,MGCHM80,Liberado,22/09/2026,RODOVIA BR  MG 173 KM 17- SN,SUL,Adriano Francisco de Paula,"""Para os acessos da Regional de MG, foi realizado uma reunião com a Claro e para os sites PORTFOLIO TBSA será necessário apresentação apenas do chamado do sistema Acesites na Central da Claro para retirada de chaves.
 
Encaminhar o formulário via e-mail SUPNOC por e-mail para encaminharmos para Claro.
 
Obs.: Atividade precisa estar aprovada, vigente e o nome do colaborador na lista.
 
ENDEREÇO DA CENTRAL DOS SITES em MG: RUA ESPÍRITO SANTO N°1000 - CENTRO""

Maria Eduarda"
427985,TCMGPEM0001,MGPEM01,Liberado,17/11/2026,RODOVIA BR 135   RUMO NORDESTE SN,NORTE,Paulo De Freitas Pereira,"SEGREDO : 0001


Deborah Perotti"
428019,TCMGMNH0008,MGMNH07,Liberado,17/10/2026,RODOVIA BR 262 SN,LESTE,Paulo De Freitas Pereira,"""Após a aprovação do chamado em nosso sistema o técnico deverá baixar o APP em seu celular.
NOME DO APLICATIVO: MASTER LOCK VAULT ENTERPRISE:
•	Após acesso liberado via acesites e cadastro interno do sistema o técnico receberá um e-mail (noreply@masterlockvault.com) com uma senha provisória.
•	No primeiro acesso deverão ser preenchidos os campos a seguir:
•	ORGANIZATION ID: TORRESDOBRASIL
•	EMAIL: Preencher e-mail cadastrado em nosso sistema Acesites
•	PASSWORD: Senha provisória recebida no e-mail (Verificar Lixo Eletrônico).
•	Configurar o celular para permitir o aplicativo utilizar a localização do aparelho durante o uso do APP (Configuração varia de acordo com o modelo do celular)

Após baixar o APP entrar em contato com o NOC TBSA para dar entrada ao site:
NOC (21) 2391 9487""

Melissa Sato"
427776,TCMGRCA0001,MGRCAR1,Liberado,07/10/2026,RODOVIA BR 262 SN,METROPOLITANO,Arthur Santos de Oliveira,"PORTÃO 1: Segredo Claro3631

Após a aprovação do chamado em nosso sistema o técnico deverá baixar o APP em seu celular.
NOME DO APLICATIVO: MASTER LOCK VAULT ENTERPRISE:
•	Após acesso liberado via acesites e cadastro interno do sistema o técnico receberá um e-mail (noreply@masterlockvault.com) com uma senha provisória.
•	No primeiro acesso deverão ser preenchidos os campos a seguir:
•	ORGANIZATION ID: TORRESDOBRASIL
•	EMAIL: Preencher e-mail cadastrado em nosso sistema Acesites
•	PASSWORD: Senha provisória recebida no e-mail (Verificar Lixo Eletrônico).
•	Configurar o celular para permitir o aplicativo utilizar a localização do aparelho durante o uso do APP (Configuração varia de acordo com o modelo do celular)
Após baixar o APP entrar em contato com o NOC TBSA para dar entrada ao site:
NOC (21) 2391 9487

Deborah Perotti"
427952,TCMGURA0006,MGURA15,Liberado,18/10/2026,RODOVIA BR 262SN,OESTE,Arthur Gomes de Paulo,"CADEADO DE SEGREDO: 0006


Deborah Perotti"
417037,TCMGCAM0003,MGCAMR1,Liberado,22/09/2026,RODOVIA BR 361 SN,SUL,Adriano Francisco de Paula,"""Após a aprovação do chamado em nosso sistema o técnico deverá baixar o APP em seu celular.
NOME DO APLICATIVO: MASTER LOCK VAULT ENTERPRISE:
•	Após acesso liberado via acesites e cadastro interno do sistema o técnico receberá um e-mail (noreply@masterlockvault.com) com uma senha provisória.
•	No primeiro acesso deverão ser preenchidos os campos a seguir:
•	ORGANIZATION ID: TORRESDOBRASIL 
•	EMAIL: Preencher e-mail cadastrado em nosso sistema Acesites
•	PASSWORD: Senha provisória recebida no e-mail (Verificar Lixo Eletrônico).
•	Configurar o celular para permitir o aplicativo utilizar a localização do aparelho durante o uso do APP (Configuração varia de acordo com o modelo do celular)

Após baixar o APP entrar em contato com o NOC TBSA para dar entrada ao site:
NOC (21) 2391 9487""

Maria Eduarda"
427964,TCMGMCL0013,MGMCL81,Liberado,17/10/2026,RODOVIA BR 365 KM 18- S/N,NORTE,Paulo De Freitas Pereira,"“Para os acessos da Regional MG, foi realizada uma reunião com a Claro e ficou definido que, para os sites do portfólio TBSA, será necessária apenas a apresentação do chamado do sistema Acesites na Central da Claro para retirada das chaves. Para isso, deverá ser encaminhado um e-mail para Vanessa (vanessa.barros.terceiros@siteslatam.com.br), solicitando o formulário para preenchimento e liberação das chaves.
Observações:
A atividade deve estar aprovada e vigente no sistema.
O nome do colaborador deve constar na lista de autorização.
O endereço para retirada das chaves será encaminhado pelo responsável da Central via e-mail.”

Deborah Perotti"
417121,TCMGSAA0001,MGSAAR2,Liberado,22/09/2026,RODOVIA BR 381 SN,SUL,Adriano Francisco de Paula,"SEGREDO: 0001


Thais Fernandes"
428057,TCMGENC0001,MGENCR1,Liberado,17/11/2026,RODOVIA BR116- SN,LESTE,Paulo De Freitas Pereira,"""“Para os acessos da Regional MG, foi realizada uma reunião com a Claro e ficou definido que, para os sites do portfólio TBSA, será necessária apenas a apresentação do chamado do sistema Acesites na Central da Claro para retirada das chaves. Para isso, deverá ser encaminhado um e-mail para Vanessa (vanessa.barros.terceiros@siteslatam.com.br), solicitando o formulário para preenchimento e liberação das chaves.
Observações:
A atividade deve estar aprovada e vigente no sistema.
O nome do colaborador deve constar na lista de autorização.
O endereço para retirada das chaves será encaminhado pelo responsável da Central via e-mail.”""

Melissa Sato"
417109,TCMGPOU0003,MGPOAR2,Liberado,22/09/2026,RODOVIA BR459 KM116 SN,SUL,Adriano Francisco de Paula,"SEGREDO: 0003



Thais Fernandes"
427804,TCMGFAM0002,MGFAMR1,Liberado,07/10/2026,RODOVIA BR491 SN,SUL,Adriano Francisco de Paula,"Após a aprovação do chamado em nosso sistema o técnico deverá baixar o APP em seu celular.
NOME DO APLICATIVO: MASTER LOCK VAULT ENTERPRISE:
•	Após acesso liberado via acesites e cadastro interno do sistema o técnico receberá um e-mail (noreply@masterlockvault.com) com uma senha provisória.
•	No primeiro acesso deverão ser preenchidos os campos a seguir:
•	ORGANIZATION ID: TORRESDOBRASIL
•	EMAIL: Preencher e-mail cadastrado em nosso sistema Acesites
•	PASSWORD: Senha provisória recebida no e-mail (Verificar Lixo Eletrônico).
•	Configurar o celular para permitir o aplicativo utilizar a localização do aparelho durante o uso do APP (Configuração varia de acordo com o modelo do celular)
Após baixar o APP entrar em contato com o NOC TBSA para dar entrada ao site:
NOC (21) 2391 9487

Deborah Perotti"
427805,TCMGGRN0001,MGGRNR1,Liberado,07/10/2026,RODOVIA BR491 SN,SUL,Adriano Francisco de Paula,"Após a aprovação do chamado em nosso sistema o técnico deverá baixar o APP em seu celular.
NOME DO APLICATIVO: MASTER LOCK VAULT ENTERPRISE:
•	Após acesso liberado via acesites e cadastro interno do sistema o técnico receberá um e-mail (noreply@masterlockvault.com) com uma senha provisória.
•	No primeiro acesso deverão ser preenchidos os campos a seguir:
•	ORGANIZATION ID: TORRESDOBRASIL
•	EMAIL: Preencher e-mail cadastrado em nosso sistema Acesites
•	PASSWORD: Senha provisória recebida no e-mail (Verificar Lixo Eletrônico).
•	Configurar o celular para permitir o aplicativo utilizar a localização do aparelho durante o uso do APP (Configuração varia de acordo com o modelo do celular)
Após baixar o APP entrar em contato com o NOC TBSA para dar entrada ao site:
NOC (21) 2391 9487

Deborah Perotti"
417086,TCMGITP0001,MGITP01,Liberado,22/09/2026,RODOVIA FERNAO DIAS   KM 873- SN,SUL,Adriano Francisco de Paula,"""Para os acessos da Regional de MG, foi realizado uma reunião com a Claro e para os sites PORTFOLIO TBSA será necessário apresentação apenas do chamado do sistema Acesites na Central da Claro para retirada de chaves.
 
Encaminhar o formulário via e-mail SUPNOC por e-mail para encaminharmos para Claro.
 
Obs.: Atividade precisa estar aprovada, vigente e o nome do colaborador na lista.
 
ENDEREÇO DA CENTRAL DOS SITES em MG: RUA ESPÍRITO SANTO N°1000 - CENTRO""

Ellen P"
427572,TCMGBET0008,MGBETR1,Liberado,07/10/2026,RODOVIA FERNAO DIAS SN,BH,Renato Parreiras,"Carta encaminhada ao local

“Para os acessos da Regional MG, foi realizada uma reunião com a Claro e ficou definido que, para os sites do portfólio TBSA, será necessária apenas a apresentação do chamado do sistema Acesites na Central da Claro para retirada das chaves. Para isso, deverá ser encaminhado um e-mail para Vanessa (vanessa.barros.terceiros@siteslatam.com.br), solicitando o formulário para preenchimento e liberação das chaves.
Observações:
A atividade deve estar aprovada e vigente no sistema.
O nome do colaborador deve constar na lista de autorização.
O endereço para retirada das chaves será encaminhado pelo responsável da Central via e-mail.”
Maria Eduarda R."
417038,TCMGCAR0001,MGCAR01,Liberado,22/09/2026,RODOVIA FERNAO DIAS SN,SUL,Adriano Francisco de Paula,"SEGREDO:0001
Maria Eduarda"
417137,TCMGTCO0001,MGTCOR1,Liberado,22/09/2026,RODOVIA FERNAO DIAS- SN,SUL,Adriano Francisco de Paula,"Para os acessos da Regional de MG, foi realizado uma reunião com a Claro e para os sites PORTFOLIO TBSA será necessário apresentação apenas do chamado do sistema Acesites na Central da Claro para retirada de chaves.
 
Encaminhar o formulário via e-mail SUPNOC por e-mail para encaminharmos para Claro.
 
Obs.: Atividade precisa estar aprovada, vigente e o nome do colaborador na lista.
 
ENDEREÇO DA CENTRAL DOS SITES em MG: RUA ESPÍRITO SANTO N°1000 - CENTRO""

Thais Fernandes"
427659,TCMGLTA0001,MGLGS02,Liberado,07/10/2026,RODOVIA MG 10 KM 30,BH,Rafael Porto Alves da Cruz,"Carta encaminhada ao local.
Problemas de acesso, acionar o NOC TBSA 21 2391-9487 (wpp/lig) com os técnicos no local para tratarmos pontualmente.
Maria Eduarda R."
427697,TCMGBDP0002,MGBDP03,Liberado,07/10/2026,RODOVIA MG 164- SN,METROPOLITANO,Leandro de Menezes Assunção,"Carta encaminhada ao local.
Problemas de acesso, acionar o NOC TBSA 21 2391-9487 (wpp/lig) com os técnicos no local para tratarmos pontualmente.
Melissa Sato"
427811,TCMGSJA0001,MGSJAR1,Liberado,07/10/2026,RODOVIA MG 347 SN,SUL,Adriano Francisco de Paula,"Após a aprovação do chamado em nosso sistema o técnico deverá baixar o APP em seu celular.
NOME DO APLICATIVO: MASTER LOCK VAULT ENTERPRISE:
•	Após acesso liberado via acesites e cadastro interno do sistema o técnico receberá um e-mail (noreply@masterlockvault.com) com uma senha provisória.
•	No primeiro acesso deverão ser preenchidos os campos a seguir:
•	ORGANIZATION ID: TORRESDOBRASIL
•	EMAIL: Preencher e-mail cadastrado em nosso sistema Acesites
•	PASSWORD: Senha provisória recebida no e-mail (Verificar Lixo Eletrônico).
•	Configurar o celular para permitir o aplicativo utilizar a localização do aparelho durante o uso do APP (Configuração varia de acordo com o modelo do celular)
Após baixar o APP entrar em contato com o NOC TBSA para dar entrada ao site:
NOC (21) 2391 9487

Deborah Perotti"
417153,TCMGBBC0006,MGBBCR3,Liberado,22/09/2026,RODOVIA MG 60- SN,ZONA DA MATA,André Valério de Paiva,"""Para os acessos da Regional de MG, foi realizado uma reunião com a Claro e para os sites PORTFOLIO TBSA será necessário apresentação apenas do chamado do sistema Acesites na Central da Claro para retirada de chaves.
 
Encaminhar o formulário via e-mail SUPNOC por e-mail para encaminharmos para Claro.
 
Obs.: Atividade precisa estar aprovada, vigente e o nome do colaborador na lista.
 
ENDEREÇO DA CENTRAL DOS SITES em MG: RUA ESPÍRITO SANTO N°1000 - CENTRO""

Melissa Sato"
427802,TCMGCRC0001,MGCRCR2,Liberado,07/10/2026,RODOVIA MG050 SN,SUL,Adriano Francisco de Paula,"Após a aprovação do chamado em nosso sistema o técnico deverá baixar o APP em seu celular.
NOME DO APLICATIVO: MASTER LOCK VAULT ENTERPRISE:
•	Após acesso liberado via acesites e cadastro interno do sistema o técnico receberá um e-mail (noreply@masterlockvault.com) com uma senha provisória.
•	No primeiro acesso deverão ser preenchidos os campos a seguir:
•	ORGANIZATION ID: TORRESDOBRASIL
•	EMAIL: Preencher e-mail cadastrado em nosso sistema Acesites
•	PASSWORD: Senha provisória recebida no e-mail (Verificar Lixo Eletrônico).
•	Configurar o celular para permitir o aplicativo utilizar a localização do aparelho durante o uso do APP (Configuração varia de acordo com o modelo do celular)
Após baixar o APP entrar em contato com o NOC TBSA para dar entrada ao site:
NOC (21) 2391 9487

Deborah Perotti"
427655,TCMGITO0001,MGITOR2,Liberado,07/10/2026,RODOVIA MG443 SN,BH,Renato Parreiras,"SITE COM SISTEMA DE ALARMES E CAMERAS

Carta encaminhada para o local

Após a aprovação do chamado em nosso sistema o técnico deverá baixar o APP em seu celular.
NOME DO APLICATIVO: MASTER LOCK VAULT ENTERPRISE:
•	Após acesso liberado via acesites e cadastro interno do sistema o técnico receberá um e-mail (noreply@masterlockvault.com) com uma senha provisória.
•	No primeiro acesso deverão ser preenchidos os campos a seguir:
•	ORGANIZATION ID: TORRESDOBRASIL
•	EMAIL: Preencher e-mail cadastrado em nosso sistema Acesites
•	PASSWORD: Senha provisória recebida no e-mail (Verificar Lixo Eletrônico).
•	Configurar o celular para permitir o aplicativo utilizar a localização do aparelho durante o uso do APP (Configuração varia de acordo com o modelo do celular)

Após baixar o APP entrar em contato com o NOC TBSA para dar entrada ao site:
NOC (21) 2391 9487
Maria Eduarda R."
427977,TCMGJNB0001,MGJNBR1,Liberado,17/11/2026,RODOVIA MGT 122 SN,NORTE,Paulo De Freitas Pereira,"SEGREDO: 0001


Deborah Perotti"
427715,TCMGDIV0010,MGDIV20,Aguardando Aprovação,07/10/2026,RODOVIA SANTO ANTONIO DOS CAMPOS SN,METROPOLITANO,Leandro de Menezes Assunção,
428097,TEMGIPG0002,MGIPG09,Liberado,17/11/2026,RUA  BÁRBARA HELIODORA-,LESTE,Paulo De Freitas Pereira,"""“Para os acessos da Regional MG, foi realizada uma reunião com a Claro e ficou definido que, para os sites do portfólio TBSA, será necessária apenas a apresentação do chamado do sistema Acesites na Central da Claro para retirada das chaves. Para isso, deverá ser encaminhado um e-mail para Vanessa (vanessa.barros.terceiros@siteslatam.com.br), solicitando o formulário para preenchimento e liberação das chaves.
Observações:
A atividade deve estar aprovada e vigente no sistema.
O nome do colaborador deve constar na lista de autorização.
O endereço para retirada das chaves será encaminhado pelo responsável da Central via e-mail.”""

Melissa Sato"
427632,TCMGBHO0074,MGBRT24,Liberado,07/10/2026,RUA  DOUTOR ORESTES DINIZ 101,BH,Renato Parreiras,"Carta encaminhada ao local.
Problemas de acesso, acionar o NOC TBSA 21 2391-9487 (wpp/lig) com os técnicos no local para tratarmos pontualmente.

Maria Eduarda"
427900,TCMGMCL0008,MGMCLR2,Reprovado,09/10/2026,RUA 13- SN,NORTE,Paulo De Freitas Pereira,"Favor anexar formulário com o Site Correto de acesso Greenfield em formato Word padrão Acesites.

Deborah Perotti"
427939,TCMGUBE0004,MGULA39,Liberado,18/10/2026,RUA 16 SN,OESTE,Arthur Gomes de Paulo,"Após a aprovação do chamado em nosso sistema o técnico deverá baixar o APP em seu celular.
NOME DO APLICATIVO: MASTER LOCK VAULT ENTERPRISE:
•	Após acesso liberado via acesites e cadastro interno do sistema o técnico receberá um e-mail (noreply@masterlockvault.com) com uma senha provisória.
•	No primeiro acesso deverão ser preenchidos os campos a seguir:
•	ORGANIZATION ID: TORRESDOBRASIL
•	EMAIL: Preencher e-mail cadastrado em nosso sistema Acesites
•	PASSWORD: Senha provisória recebida no e-mail (Verificar Lixo Eletrônico).
•	Configurar o celular para permitir o aplicativo utilizar a localização do aparelho durante o uso do APP (Configuração varia de acordo com o modelo do celular)
Após baixar o APP entrar em contato com o NOC TBSA para dar entrada ao site:
NOC (21) 2391 9487

Deborah Perotti"
428009,TCMGCFB0001,MGCFB03,Liberado,17/10/2026,RUA 6 SN,LESTE,Paulo De Freitas Pereira,"SEGREDO: 0001

Melissa Sato"
427679,TCMGSBR0002,MGSBR02,Liberado,07/10/2026,RUA 6- SN,BH,Rafael Porto Alves da Cruz,"“Para os acessos da Regional MG, foi realizada uma reunião com a Claro e ficou definido que, para os sites do portfólio TBSA, será necessária apenas a apresentação do chamado do sistema Acesites na Central da Claro para retirada das chaves. Para isso, deverá ser encaminhado um e-mail para Vanessa (vanessa.barros.terceiros@siteslatam.com.br), solicitando o formulário para preenchimento e liberação das chaves.
Observações:
A atividade deve estar aprovada e vigente no sistema.
O nome do colaborador deve constar na lista de autorização.
O endereço para retirada das chaves será encaminhado pelo responsável da Central via e-mail.”

Deborah Perotti"
427758,TCMGNVS0001,MGNVS01,Aguardando Aprovação,07/10/2026,RUA ADELBAR PINTO DA FONSECA SN,METROPOLITANO,Leandro de Menezes Assunção,
327095,TEMGJZF0003,MGJZF15,Liberado,31/03/2026,RUA ADEMIR PEDRETI DOS SANTOS,ZONA DA MATA,André Valério de Paiva,"A partir de hoje 18/10, o período máximo dos chamados serão de 2 meses. 


""Após a aprovação do chamado em nosso sistema o técnico deverá baixar o APP em seu celular.
NOME DO APLICATIVO: MASTER LOCK VAULT ENTERPRISE:
•	Após acesso liberado via acesites e cadastro interno do sistema o técnico receberá um e-mail (noreply@masterlockvault.com) com uma senha provisória.
•	No primeiro acesso deverão ser preenchidos os campos a seguir:
•	ORGANIZATION ID: TORRESDOBRASIL 
•	EMAIL: Preencher e-mail cadastrado em nosso sistema Acesites
•	PASSWORD: Senha provisória recebida no e-mail (Verificar Lixo Eletrônico).
•	Configurar o celular para permitir o aplicativo utilizar a localização do aparelho durante o uso do APP (Configuração varia de acordo com o modelo do celular)

Após baixar o APP entrar em contato com o NOC TBSA para dar entrada ao site:
NOC (21) 2391 9487""

Leonardo L"
427575,TCMGBHO0004,MGBEL13,Liberado,07/10/2026,RUA AFONSO COSTA REIS- 65,BH,Renato Parreiras,"Hospital Belvedere 

Desde 18/10, o período máximo dos chamados serão de 2 meses. 

Carta encaminhada ao local.
Problemas de acesso, acionar o NOC TBSA 21 2391-9487 (wpp/lig) com os técnicos no local para tratarmos pontualmente.

Ellen P"
428002,TCMGAPT0001,MGAPTR1,Liberado,17/10/2026,RUA AFONSO PENA- 2497,LESTE,Paulo De Freitas Pereira,"PROTECAES

""“Para os acessos da Regional MG, foi realizada uma reunião com a Claro e ficou definido que, para os sites do portfólio TBSA, será necessária apenas a apresentação do chamado do sistema Acesites na Central da Claro para retirada das chaves. Para isso, deverá ser encaminhado um e-mail para Vanessa (vanessa.barros.terceiros@siteslatam.com.br), solicitando o formulário para preenchimento e liberação das chaves.
Observações:
A atividade deve estar aprovada e vigente no sistema.
O nome do colaborador deve constar na lista de autorização.
O endereço para retirada das chaves será encaminhado pelo responsável da Central via e-mail.”""

Melissa Sato"
427966,TCMGMZL0001,MGMZL01,Liberado,17/10/2026,RUA ALBERTO PATRICIO 83,NORTE,Paulo De Freitas Pereira,"Após a aprovação do chamado em nosso sistema o técnico deverá baixar o APP em seu celular.
NOME DO APLICATIVO: MASTER LOCK VAULT ENTERPRISE:
•	Após acesso liberado via acesites e cadastro interno do sistema o técnico receberá um e-mail (noreply@masterlockvault.com) com uma senha provisória.
•	No primeiro acesso deverão ser preenchidos os campos a seguir:
•	ORGANIZATION ID: TORRESDOBRASIL
•	EMAIL: Preencher e-mail cadastrado em nosso sistema Acesites
•	PASSWORD: Senha provisória recebida no e-mail (Verificar Lixo Eletrônico).
•	Configurar o celular para permitir o aplicativo utilizar a localização do aparelho durante o uso do APP (Configuração varia de acordo com o modelo do celular)
Após baixar o APP entrar em contato com o NOC TBSA para dar entrada ao site:
NOC (21) 2391 9487

Deborah Perotti"
427605,TCMGBHO0048,MGPAM13,Liberado,07/10/2026,RUA ALICE MAGALHAES LOPES- 33,BH,Rafael Porto Alves da Cruz,"“Para os acessos da Regional MG, foi realizada uma reunião com a Claro e ficou definido que, para os sites do portfólio TBSA, será necessária apenas a apresentação do chamado do sistema Acesites na Central da Claro para retirada das chaves. Para isso, deverá ser encaminhado um e-mail para Vanessa (vanessa.barros.terceiros@siteslatam.com.br), solicitando o formulário para preenchimento e liberação das chaves.
Observações:
A atividade deve estar aprovada e vigente no sistema.
O nome do colaborador deve constar na lista de autorização.
O endereço para retirada das chaves será encaminhado pelo responsável da Central via e-mail.”
Maria Eduarda R."
428066,TCMGINH0001,MGINH02,Liberado,17/11/2026,RUA AMILCAR DE OLIVEIRA SILVA- SN,LESTE,Paulo De Freitas Pereira,"""“Para os acessos da Regional MG, foi realizada uma reunião com a Claro e ficou definido que, para os sites do portfólio TBSA, será necessária apenas a apresentação do chamado do sistema Acesites na Central da Claro para retirada das chaves. Para isso, deverá ser encaminhado um e-mail para Vanessa (vanessa.barros.terceiros@siteslatam.com.br), solicitando o formulário para preenchimento e liberação das chaves.
Observações:
A atividade deve estar aprovada e vigente no sistema.
O nome do colaborador deve constar na lista de autorização.
O endereço para retirada das chaves será encaminhado pelo responsável da Central via e-mail.”""

Melissa Sato"
427698,TCMGBDP0003,MGBDP04,Liberado,07/10/2026,RUA ANA ISMENIA DE RESENDE 123,METROPOLITANO,Leandro de Menezes Assunção,"Carta encaminhada ao local.
Problemas de acesso, acionar o NOC TBSA 21 2391-9487 (wpp/lig) com os técnicos no local para tratarmos pontualmente.
Melissa Sato"
417092,TCMGMCH0001,MGMCH02,Liberado,22/09/2026,RUA ANTENOR HOLANDA CAVALCANTE SN,SUL,Adriano Francisco de Paula,"SEGREDO 0001


Thais Fernandes"
427617,TCMGBHO0061,MGSAVS2,Liberado,07/10/2026,RUA ANTONIO DE ALBUQUERQUE 842,BH,Renato Parreiras,"Carta encaminhada ao local.
Problemas de acesso, acionar o NOC TBSA 21 2391-9487 (wpp/lig) com os técnicos no local para tratarmos pontualmente.

Maria Eduarda"
427660,TCMGLTA0002,MGLGS03,Liberado,07/10/2026,RUA ARGENTINA SN,BH,Rafael Porto Alves da Cruz,"""Após a aprovação do chamado em nosso sistema o técnico deverá baixar o APP em seu celular.
NOME DO APLICATIVO: MASTER LOCK VAULT ENTERPRISE:
•	Após acesso liberado via acesites e cadastro interno do sistema o técnico receberá um e-mail (noreply@masterlockvault.com) com uma senha provisória.
•	No primeiro acesso deverão ser preenchidos os campos a seguir:
•	ORGANIZATION ID: TORRESDOBRASIL 
•	EMAIL: Preencher e-mail cadastrado em nosso sistema Acesites
•	PASSWORD: Senha provisória recebida no e-mail (Verificar Lixo Eletrônico).
•	Configurar o celular para permitir o aplicativo utilizar a localização do aparelho durante o uso do APP (Configuração varia de acordo com o modelo do celular)

Após baixar o APP entrar em contato com o NOC TBSA para dar entrada ao site:
NOC (21) 2391 9487""

Maria Eduarda R."
428007,TCMGCAP0001,MGCAP01,Liberado,17/10/2026,RUA ARLINDO JOSE DE OLIVEIRA SN,LESTE,Paulo De Freitas Pereira,"""Após a aprovação do chamado em nosso sistema o técnico deverá baixar o APP em seu celular.
NOME DO APLICATIVO: MASTER LOCK VAULT ENTERPRISE:
•	Após acesso liberado via acesites e cadastro interno do sistema o técnico receberá um e-mail (noreply@masterlockvault.com) com uma senha provisória.
•	No primeiro acesso deverão ser preenchidos os campos a seguir:
•	ORGANIZATION ID: TORRESDOBRASIL
•	EMAIL: Preencher e-mail cadastrado em nosso sistema Acesites
•	PASSWORD: Senha provisória recebida no e-mail (Verificar Lixo Eletrônico).
•	Configurar o celular para permitir o aplicativo utilizar a localização do aparelho durante o uso do APP (Configuração varia de acordo com o modelo do celular)

Após baixar o APP entrar em contato com o NOC TBSA para dar entrada ao site:
NOC (21) 2391 9487""

Melissa Sato"
427601,TCMGBHO0043,MGOUP09,Liberado,07/10/2026,RUA ATALAIA 336,BH,Rafael Porto Alves da Cruz,"Carta encaminhada ao local.
Problemas de acesso, acionar o NOC TBSA 21 2391-9487 (wpp/lig) com os técnicos no local para tratarmos pontualmente.

Ellen P"
417097,TCMGMSP0001,MGMSP01,Liberado,22/09/2026,RUA AURELIANO CHAVES SN,SUL,Adriano Francisco de Paula,"SEGREDO: 0001


Thais Fernandes"
427898,TCMGJQN0001,MGJQN01,Liberado,09/10/2026,RUA BELO HORIZONTE 493,LESTE,Paulo De Freitas Pereira,"Após a aprovação do chamado em nosso sistema o técnico deverá baixar o APP em seu celular.
NOME DO APLICATIVO: MASTER LOCK VAULT ENTERPRISE:
•	Após acesso liberado via acesites e cadastro interno do sistema o técnico receberá um e-mail (noreply@masterlockvault.com) com uma senha provisória.
•	No primeiro acesso deverão ser preenchidos os campos a seguir:
•	ORGANIZATION ID: TORRESDOBRASIL
•	EMAIL: Preencher e-mail cadastrado em nosso sistema Acesites
•	PASSWORD: Senha provisória recebida no e-mail (Verificar Lixo Eletrônico).
•	Configurar o celular para permitir o aplicativo utilizar a localização do aparelho durante o uso do APP (Configuração varia de acordo com o modelo do celular)
Após baixar o APP entrar em contato com o NOC TBSA para dar entrada ao site:
NOC (21) 2391 9487

Deborah Perotti"
427945,TCMGUBE0010,MGULA21,Liberado,18/10/2026,RUA BERNARDO GUIMARAES 487 SN,OESTE,Arthur Gomes de Paulo,"Carta encaminhada ao local.
Problemas de acesso, acionar o NOC TBSA 21 2391-9487 (wpp/lig) com os técnicos no local para tratarmos pontualmente.
Melissa Sato"
427797,TTMGFDS0001,MGFDS80,Liberado,07/10/2026,RUA BOA VISTA,METROPOLITANO,Leandro de Menezes Assunção,"SEGREDO 0001

Deborah Perotti"
427586,TCMGBHO0021,MGCEN24,Liberado,07/10/2026,RUA BRITO MELO- 433,BH,Renato Parreiras,"Carta encaminhada ao local.
Problemas de acesso, acionar o NOC TBSA 21 2391-9487 (wpp) com os técnicos no local para tratarmos pontualmente.

Ellen P"
427753,TCMGMRN0003,MGMRNR1,Aguardando Aprovação,07/10/2026,RUA CAIANA 78,METROPOLITANO,Arthur Santos de Oliveira,
428049,TEMGGVD0001,MGGVD01,Liberado,17/10/2026,RUA CAIO MARTINS- 55-,LESTE,Paulo De Freitas Pereira,"Carta encaminhada ao local

""“Para os acessos da Regional MG, foi realizada uma reunião com a Claro e ficou definido que, para os sites do portfólio TBSA, será necessária apenas a apresentação do chamado do sistema Acesites na Central da Claro para retirada das chaves. Para isso, deverá ser encaminhado um e-mail para Vanessa (vanessa.barros.terceiros@siteslatam.com.br), solicitando o formulário para preenchimento e liberação das chaves.
Observações:
A atividade deve estar aprovada e vigente no sistema.
O nome do colaborador deve constar na lista de autorização.
O endereço para retirada das chaves será encaminhado pelo responsável da Central via e-mail.”""

Melissa Sato"
427678,TCMGSBR0001,MGSBR01,Liberado,07/10/2026,RUA CAIXA DAGUA SN,BH,Rafael Porto Alves da Cruz,"Após a aprovação do chamado em nosso sistema o técnico deverá baixar o APP em seu celular.
NOME DO APLICATIVO: MASTER LOCK VAULT ENTERPRISE:
•	Após acesso liberado via acesites e cadastro interno do sistema o técnico receberá um e-mail (noreply@masterlockvault.com) com uma senha provisória.
•	No primeiro acesso deverão ser preenchidos os campos a seguir:
•	ORGANIZATION ID: TORRESDOBRASIL
•	EMAIL: Preencher e-mail cadastrado em nosso sistema Acesites
•	PASSWORD: Senha provisória recebida no e-mail (Verificar Lixo Eletrônico).
•	Configurar o celular para permitir o aplicativo utilizar a localização do aparelho durante o uso do APP (Configuração varia de acordo com o modelo do celular)
Após baixar o APP entrar em contato com o NOC TBSA para dar entrada ao site:
NOC (21) 2391 9487

Deborah Perotti"
427992,TEMGMCL0003,MGMCL03,Liberado,17/11/2026,RUA CAMÉLIA-,NORTE,Paulo De Freitas Pereira,"""“Para os acessos da Regional MG, foi realizada uma reunião com a Claro e ficou definido que, para os sites do portfólio TBSA, será necessária apenas a apresentação do chamado do sistema Acesites na Central da Claro para retirada das chaves. Para isso, deverá ser encaminhado um e-mail para Vanessa (vanessa.barros.terceiros@siteslatam.com.br), solicitando o formulário para preenchimento e liberação das chaves.
Observações:
A atividade deve estar aprovada e vigente no sistema.
O nome do colaborador deve constar na lista de autorização.
O endereço para retirada das chaves será encaminhado pelo responsável da Central via e-mail.”""

Melissa Sato"
427619,TCMGBHO0062,MGBEL22,Liberado,07/10/2026,RUA CARACA 664,BH,Renato Parreiras,"Carta encaminhada ao local.
Problemas de acesso, acionar o NOC TBSA 21 2391-9487 (wpp/lig) com os técnicos no local para tratarmos pontualmente.

Maria Eduarda"
427625,TCMGBHO0069,MGBEL28,Liberado,07/10/2026,RUA CARACA- 1043,BH,Renato Parreiras,"PORTA DE ACESSO PARA A COBERTURA: CADEADO SEGREDO 8661

Carta encaminhada ao local.
Problemas de acesso, acionar o NOC TBSA 21 2391-9487 (wpp/lig) com os técnicos no local para tratarmos pontualmente.


Thais Fernandes"
427772,TCMGPNV0001,MGPNV02,Liberado,07/10/2026,RUA CARLOS MARQUES- 340,METROPOLITANO,Arthur Santos de Oliveira,"Carta encaminhada ao local.
Problemas de acesso, acionar o NOC TBSA 21 2391-9487 (wpp/lig) com os técnicos no local para tratarmos pontualmente.
Melissa Sato"
417104,TCMGPER0001,MGPER01,Liberado,22/09/2026,RUA CARMEM TEIXEIRA MAIA- SN,SUL,Adriano Francisco de Paula,"""Para os acessos da Regional de MG, foi realizado uma reunião com a Claro e para os sites PORTFOLIO TBSA será necessário apresentação apenas do chamado do sistema Acesites na Central da Claro para retirada de chaves.
 
Encaminhar o formulário via e-mail SUPNOC por e-mail para encaminharmos para Claro.
 
Obs.: Atividade precisa estar aprovada, vigente e o nome do colaborador na lista.
 
ENDEREÇO DA CENTRAL DOS SITES em MG: RUA ESPÍRITO SANTO N°1000 - CENTRO""


Thais Fernandes"
427578,TCMGBHO0010,MGBRT02,Aguardando Aprovação,07/10/2026,RUA CATETE- 534,BH,Renato Parreiras,
427783,TCMGSLG0001,MGSLG03,Liberado,07/10/2026,RUA CEL JOSE FERREIRA DA ROCHA 466,METROPOLITANO,Leandro de Menezes Assunção,"Favor entrar em contato para ter acesso o condomínio 

Carta encaminhada ao local.
Problemas de acesso, acionar o NOC TBSA 21 2391-9487 (wpp/lig) com os técnicos no local para tratarmos pontualmente.
Melissa Sato"
427995,TCMGABC0001,MGABC01,Liberado,17/10/2026,RUA CESARIO ALVIM 300,LESTE,Paulo De Freitas Pereira,"""Após a aprovação do chamado em nosso sistema o técnico deverá baixar o APP em seu celular.
NOME DO APLICATIVO: MASTER LOCK VAULT ENTERPRISE:
•	Após acesso liberado via acesites e cadastro interno do sistema o técnico receberá um e-mail (noreply@masterlockvault.com) com uma senha provisória.
•	No primeiro acesso deverão ser preenchidos os campos a seguir:
•	ORGANIZATION ID: TORRESDOBRASIL
•	EMAIL: Preencher e-mail cadastrado em nosso sistema Acesites
•	PASSWORD: Senha provisória recebida no e-mail (Verificar Lixo Eletrônico).
•	Configurar o celular para permitir o aplicativo utilizar a localização do aparelho durante o uso do APP (Configuração varia de acordo com o modelo do celular)

Após baixar o APP entrar em contato com o NOC TBSA para dar entrada ao site:
NOC (21) 2391 9487""

Melissa Sato"
427709,TCMGDIV0003,MGDIV04,Aguardando Aprovação,07/10/2026,RUA CHUMBO 2500,METROPOLITANO,Leandro de Menezes Assunção,
427905,TCMGJZF0004,MGJZF20,Liberado,20/10/2026,RUA COMENDADOR F ALVARES DE ASSIS SN,ZONA DA MATA,André Valério de Paiva,"Após a aprovação do chamado em nosso sistema o técnico deverá baixar o APP em seu celular.
NOME DO APLICATIVO: MASTER LOCK VAULT ENTERPRISE:
•	Após acesso liberado via acesites e cadastro interno do sistema o técnico receberá um e-mail (noreply@masterlockvault.com) com uma senha provisória.
•	No primeiro acesso deverão ser preenchidos os campos a seguir:
•	ORGANIZATION ID: TORRESDOBRASIL
•	EMAIL: Preencher e-mail cadastrado em nosso sistema Acesites
•	PASSWORD: Senha provisória recebida no e-mail (Verificar Lixo Eletrônico).
•	Configurar o celular para permitir o aplicativo utilizar a localização do aparelho durante o uso do APP (Configuração varia de acordo com o modelo do celular)
Após baixar o APP entrar em contato com o NOC TBSA para dar entrada ao site:
NOC (21) 2391 9487

Deborah Perotti"
428014,TCMGITI0001,MGITI01,Liberado,17/10/2026,RUA CORONEL MURTA SN,LESTE,Paulo De Freitas Pereira,"""Após a aprovação do chamado em nosso sistema o técnico deverá baixar o APP em seu celular.
NOME DO APLICATIVO: MASTER LOCK VAULT ENTERPRISE:
•	Após acesso liberado via acesites e cadastro interno do sistema o técnico receberá um e-mail (noreply@masterlockvault.com) com uma senha provisória.
•	No primeiro acesso deverão ser preenchidos os campos a seguir:
•	ORGANIZATION ID: TORRESDOBRASIL
•	EMAIL: Preencher e-mail cadastrado em nosso sistema Acesites
•	PASSWORD: Senha provisória recebida no e-mail (Verificar Lixo Eletrônico).
•	Configurar o celular para permitir o aplicativo utilizar a localização do aparelho durante o uso do APP (Configuração varia de acordo com o modelo do celular)

Após baixar o APP entrar em contato com o NOC TBSA para dar entrada ao site:
NOC (21) 2391 9487""

Melissa Sato"
427729,TCMGGOV0001,MGGOV01,Aguardando Aprovação,07/10/2026,RUA CORONEL SICA SN,METROPOLITANO,Leandro de Menezes Assunção,
417168,TCMGERV0001,MGERV01,Liberado,22/09/2026,RUA CRISTO REDENTOR- S/N,ZONA DA MATA,André Valério de Paiva,"""Para os acessos da Regional de MG, foi realizado uma reunião com a Claro e para os sites PORTFOLIO TBSA será necessário apresentação apenas do chamado do sistema Acesites na Central da Claro para retirada de chaves.
 
Encaminhar o formulário via e-mail SUPNOC por e-mail para encaminharmos para Claro.
 
Obs.: Atividade precisa estar aprovada, vigente e o nome do colaborador na lista.
 
ENDEREÇO DA CENTRAL DOS SITES em MG: RUA ESPÍRITO SANTO N°1000 - CENTRO""

Melissa Sato"
428047,TCMGVMA0001,MGVMA01,Liberado,17/10/2026,RUA D- SN,LESTE,Paulo De Freitas Pereira,"""“Para os acessos da Regional MG, foi realizada uma reunião com a Claro e ficou definido que, para os sites do portfólio TBSA, será necessária apenas a apresentação do chamado do sistema Acesites na Central da Claro para retirada das chaves. Para isso, deverá ser encaminhado um e-mail para Vanessa (vanessa.barros.terceiros@siteslatam.com.br), solicitando o formulário para preenchimento e liberação das chaves.
Observações:
A atividade deve estar aprovada e vigente no sistema.
O nome do colaborador deve constar na lista de autorização.
O endereço para retirada das chaves será encaminhado pelo responsável da Central via e-mail.”""

Melissa Sato"
427647,TCMGCTG0006,MGCTG21,Liberado,07/10/2026,RUA DA BELGICA 20,BH,Rafael Porto Alves da Cruz,"""Após a aprovação do chamado em nosso sistema o técnico deverá baixar o APP em seu celular.
NOME DO APLICATIVO: MASTER LOCK VAULT ENTERPRISE:
•	Após acesso liberado via acesites e cadastro interno do sistema o técnico receberá um e-mail (noreply@masterlockvault.com) com uma senha provisória.
•	No primeiro acesso deverão ser preenchidos os campos a seguir:
•	ORGANIZATION ID: TORRESDOBRASIL 
•	EMAIL: Preencher e-mail cadastrado em nosso sistema Acesites
•	PASSWORD: Senha provisória recebida no e-mail (Verificar Lixo Eletrônico).
•	Configurar o celular para permitir o aplicativo utilizar a localização do aparelho durante o uso do APP (Configuração varia de acordo com o modelo do celular)

Após baixar o APP entrar em contato com o NOC TBSA para dar entrada ao site:
NOC (21) 2391 9487""
Maria Eduarda R."
427806,TCMGMBL0001,MGMBL01,Liberado,07/10/2026,RUA DA REPUBLICA 244,SUL,Adriano Francisco de Paula,"Após a aprovação do chamado em nosso sistema o técnico deverá baixar o APP em seu celular.
NOME DO APLICATIVO: MASTER LOCK VAULT ENTERPRISE:
•	Após acesso liberado via acesites e cadastro interno do sistema o técnico receberá um e-mail (noreply@masterlockvault.com) com uma senha provisória.
•	No primeiro acesso deverão ser preenchidos os campos a seguir:
•	ORGANIZATION ID: TORRESDOBRASIL
•	EMAIL: Preencher e-mail cadastrado em nosso sistema Acesites
•	PASSWORD: Senha provisória recebida no e-mail (Verificar Lixo Eletrônico).
•	Configurar o celular para permitir o aplicativo utilizar a localização do aparelho durante o uso do APP (Configuração varia de acordo com o modelo do celular)
Após baixar o APP entrar em contato com o NOC TBSA para dar entrada ao site:
NOC (21) 2391 9487

Deborah Perotti"
427579,TCMGBHO0011,MGBRT03,Liberado,07/10/2026,RUA DANIEL DE CARVALHO- 1195,BH,Renato Parreiras,"EDIFICIO PALLADIUM - Apto 701 (Sindico Sr. Arene) PORTA: CHAMAR 501 OU 201 PARA RETIRAR CHAVE 

Carta encaminhada ao local.
Problemas de acesso, acionar o NOC TBSA 21 2391-9487 (wpp) com os técnicos no local para tratarmos pontualmente.

Ellen P"
427580,TCMGBHO0012,MGBRT13,Liberado,07/10/2026,RUA DAS CANOAS 820,BH,Renato Parreiras,"Acesso pela Rua São felicíssimo, interfonar 265 apto 302, bloco 3

Carta encaminhada ao local.
Problemas de acesso, acionar o NOC TBSA 21 2391-9487 (wpp/lig) com os técnicos no local para tratarmos pontualmente.

Ellen P"
427667,TCMGNLM0005,MGNVL22,Liberado,07/10/2026,RUA DAS ESTRELAS- 135,BH,Renato Parreiras,"Carta encaminhada ao local.
Problemas de acesso, acionar o NOC TBSA 21 2391-9487 (wpp/lig) com os técnicos no local para tratarmos pontualmente.

Maria Eduarda"
427652,TCMGCTG0010,MGCTG37,Liberado,07/10/2026,RUA DEZ SN,BH,Rafael Porto Alves da Cruz,"Após a aprovação do chamado em nosso sistema o técnico deverá baixar o APP em seu celular.
NOME DO APLICATIVO: MASTER LOCK VAULT ENTERPRISE:
•	Após acesso liberado via acesites e cadastro interno do sistema o técnico receberá um e-mail (noreply@masterlockvault.com) com uma senha provisória.
•	No primeiro acesso deverão ser preenchidos os campos a seguir:
•	ORGANIZATION ID: TORRESDOBRASIL 
•	EMAIL: Preencher e-mail cadastrado em nosso sistema Acesites
•	PASSWORD: Senha provisória recebida no e-mail (Verificar Lixo Eletrônico).
•	Configurar o celular para permitir o aplicativo utilizar a localização do aparelho durante o uso do APP (Configuração varia de acordo com o modelo do celular)

Após baixar o APP entrar em contato com o NOC TBSA para dar entrada ao site:
NOC (21) 2391 9487
Maria Eduarda R."
417167,TCMGEOS0001,MGEOS01,Liberado,22/09/2026,RUA DO CATETE SN,ZONA DA MATA,André Valério de Paiva,"""Após a aprovação do chamado em nosso sistema o técnico deverá baixar o APP em seu celular.
NOME DO APLICATIVO: MASTER LOCK VAULT ENTERPRISE:
•	Após acesso liberado via acesites e cadastro interno do sistema o técnico receberá um e-mail (noreply@masterlockvault.com) com uma senha provisória.
•	No primeiro acesso deverão ser preenchidos os campos a seguir:
•	ORGANIZATION ID: TORRESDOBRASIL
•	EMAIL: Preencher e-mail cadastrado em nosso sistema Acesites
•	PASSWORD: Senha provisória recebida no e-mail (Verificar Lixo Eletrônico).
•	Configurar o celular para permitir o aplicativo utilizar a localização do aparelho durante o uso do APP (Configuração varia de acordo com o modelo do celular)

Após baixar o APP entrar em contato com o NOC TBSA para dar entrada ao site:
NOC (21) 2391 9487""

Melissa Sato"
427688,TEMGBHO0012,MGSAV24,Liberado,07/10/2026,RUA DO OURO 608,BH,Renato Parreiras,"CHAVE ESPECÍFICA COM O PORTEIRO

Direcionar os técnicos com a carta de liberação em mãos.
Problemas de acesso, acionar o NOC TBSA 21 2391-9487 (wpp/lig) com os técnicos no local para tratarmos pontualmente.
Melissa Sato"
427808,TCMGPRG0001,MGPRG01,Liberado,07/10/2026,RUA DOM FERAO SN,SUL,Adriano Francisco de Paula,"Após a aprovação do chamado em nosso sistema o técnico deverá baixar o APP em seu celular.
NOME DO APLICATIVO: MASTER LOCK VAULT ENTERPRISE:
•	Após acesso liberado via acesites e cadastro interno do sistema o técnico receberá um e-mail (noreply@masterlockvault.com) com uma senha provisória.
•	No primeiro acesso deverão ser preenchidos os campos a seguir:
•	ORGANIZATION ID: TORRESDOBRASIL
•	EMAIL: Preencher e-mail cadastrado em nosso sistema Acesites
•	PASSWORD: Senha provisória recebida no e-mail (Verificar Lixo Eletrônico).
•	Configurar o celular para permitir o aplicativo utilizar a localização do aparelho durante o uso do APP (Configuração varia de acordo com o modelo do celular)
Após baixar o APP entrar em contato com o NOC TBSA para dar entrada ao site:
NOC (21) 2391 9487

Deborah Perotti"
427953,TCMGVZE0001,MGVZE02,Liberado,18/10/2026,RUA DONA SEBASTIANA SN,OESTE,Arthur Gomes de Paulo,"Após a aprovação do chamado em nosso sistema o técnico deverá baixar o APP em seu celular.
NOME DO APLICATIVO: MASTER LOCK VAULT ENTERPRISE:
•	Após acesso liberado via acesites e cadastro interno do sistema o técnico receberá um e-mail (noreply@masterlockvault.com) com uma senha provisória.
•	No primeiro acesso deverão ser preenchidos os campos a seguir:
•	ORGANIZATION ID: TORRESDOBRASIL
•	EMAIL: Preencher e-mail cadastrado em nosso sistema Acesites
•	PASSWORD: Senha provisória recebida no e-mail (Verificar Lixo Eletrônico).
•	Configurar o celular para permitir o aplicativo utilizar a localização do aparelho durante o uso do APP (Configuração varia de acordo com o modelo do celular)
Após baixar o APP entrar em contato com o NOC TBSA para dar entrada ao site:
NOC (21) 2391 9487

Deborah Perotti"
428058,TCMGGLL0001,MGGLL01,Liberado,17/11/2026,RUA DOS OPERARIOS X RUA BERILO- SN,LESTE,Paulo De Freitas Pereira,"""“Para os acessos da Regional MG, foi realizada uma reunião com a Claro e ficou definido que, para os sites do portfólio TBSA, será necessária apenas a apresentação do chamado do sistema Acesites na Central da Claro para retirada das chaves. Para isso, deverá ser encaminhado um e-mail para Vanessa (vanessa.barros.terceiros@siteslatam.com.br), solicitando o formulário para preenchimento e liberação das chaves.
Observações:
A atividade deve estar aprovada e vigente no sistema.
O nome do colaborador deve constar na lista de autorização.
O endereço para retirada das chaves será encaminhado pelo responsável da Central via e-mail.”""

Melissa Sato"
427611,TCMGBHO0055,MGSAV11,Liberado,07/10/2026,RUA DOS OTONI 428,BH,Renato Parreiras,"Carta encaminhada ao local via wpp
Problemas de acesso, acionar o NOC TBSA 21 2391-9487 (wpp/lig) com os técnicos no local para tratarmos pontualmente.

Ellen P"
427640,TCMGBHO0084,MGCEN39,Liberado,07/10/2026,RUA DOS PAMPAS- 690,BH,Renato Parreiras,"Carta encaminhada ao local.
Problemas de acesso, acionar o NOC TBSA 21 2391-9487 (wpp/lig) com os técnicos no local para tratarmos pontualmente.

Maria Eduarda"
427940,TCMGUBE0005,MGULA37,Liberado,18/10/2026,RUA DOS PICA PAUS LOTES 08 E 09 1343,OESTE,Arthur Gomes de Paulo,"Após a aprovação do chamado em nosso sistema o técnico deverá baixar o APP em seu celular.
NOME DO APLICATIVO: MASTER LOCK VAULT ENTERPRISE:
•	Após acesso liberado via acesites e cadastro interno do sistema o técnico receberá um e-mail (noreply@masterlockvault.com) com uma senha provisória.
•	No primeiro acesso deverão ser preenchidos os campos a seguir:
•	ORGANIZATION ID: TORRESDOBRASIL
•	EMAIL: Preencher e-mail cadastrado em nosso sistema Acesites
•	PASSWORD: Senha provisória recebida no e-mail (Verificar Lixo Eletrônico).
•	Configurar o celular para permitir o aplicativo utilizar a localização do aparelho durante o uso do APP (Configuração varia de acordo com o modelo do celular)
Após baixar o APP entrar em contato com o NOC TBSA para dar entrada ao site:
NOC (21) 2391 9487

Deborah Perotti"
427814,TCMGBBC0001,MGBBC03,Liberado,07/10/2026,RUA DOUTOR ARMANDO DE OLIVEIRA BRASIL SN,ZONA DA MATA,André Valério de Paiva,"CADEADO SEGREDO, SENHA 0003


Deborah Perotti"
427983,TCMGMCL0003,MGMCL09,Liberado,17/11/2026,RUA DOZE DE OUTUBRO SN,NORTE,Paulo De Freitas Pereira,"Após a aprovação do chamado em nosso sistema o técnico deverá baixar o APP em seu celular.
NOME DO APLICATIVO: MASTER LOCK VAULT ENTERPRISE:
•	Após acesso liberado via acesites e cadastro interno do sistema o técnico receberá um e-mail (noreply@masterlockvault.com) com uma senha provisória.
•	No primeiro acesso deverão ser preenchidos os campos a seguir:
•	ORGANIZATION ID: TORRESDOBRASIL
•	EMAIL: Preencher e-mail cadastrado em nosso sistema Acesites
•	PASSWORD: Senha provisória recebida no e-mail (Verificar Lixo Eletrônico).
•	Configurar o celular para permitir o aplicativo utilizar a localização do aparelho durante o uso do APP (Configuração varia de acordo com o modelo do celular)
Após baixar o APP entrar em contato com o NOC TBSA para dar entrada ao site:
NOC (21) 2391 9487

Deborah Perotti"
417039,TCMGCAV0001,MGCAV01,Liberado,22/09/2026,RUA DR ANTONIO DE SOUZA MELO- 362,SUL,Adriano Francisco de Paula,"SEGREDO 0884
Maria Eduarda"
417046,TCMGCHM0001,MGCHM01,Liberado,22/09/2026,RUA DR JOSE MENDES BUSTAMANTE- SN,SUL,Adriano Francisco de Paula,"""Para os acessos da Regional de MG, foi realizado uma reunião com a Claro e para os sites PORTFOLIO TBSA será necessário apresentação apenas do chamado do sistema Acesites na Central da Claro para retirada de chaves.
 
Encaminhar o formulário via e-mail SUPNOC por e-mail para encaminharmos para Claro.
 
Obs.: Atividade precisa estar aprovada, vigente e o nome do colaborador na lista.
 
ENDEREÇO DA CENTRAL DOS SITES em MG: RUA ESPÍRITO SANTO N°1000 - CENTRO""

Maria Eduarda"
428012,TCMGIPA0001,MGIPA01,Liberado,17/10/2026,RUA DR JOSE XAVIER PINTO 619,LESTE,Paulo De Freitas Pereira,"""Após a aprovação do chamado em nosso sistema o técnico deverá baixar o APP em seu celular.
NOME DO APLICATIVO: MASTER LOCK VAULT ENTERPRISE:
•	Após acesso liberado via acesites e cadastro interno do sistema o técnico receberá um e-mail (noreply@masterlockvault.com) com uma senha provisória.
•	No primeiro acesso deverão ser preenchidos os campos a seguir:
•	ORGANIZATION ID: TORRESDOBRASIL
•	EMAIL: Preencher e-mail cadastrado em nosso sistema Acesites
•	PASSWORD: Senha provisória recebida no e-mail (Verificar Lixo Eletrônico).
•	Configurar o celular para permitir o aplicativo utilizar a localização do aparelho durante o uso do APP (Configuração varia de acordo com o modelo do celular)

Após baixar o APP entrar em contato com o NOC TBSA para dar entrada ao site:
NOC (21) 2391 9487""

Melissa Sato"
417140,TCMGVAR0005,MGVAR13,Liberado,22/09/2026,RUA DR WLADEMIR RESENDE PINTO- 27,SUL,Adriano Francisco de Paula,"Para os acessos da Regional de MG, foi realizado uma reunião com a Claro e para os sites PORTFOLIO TBSA será necessário apresentação apenas do chamado do sistema Acesites na Central da Claro para retirada de chaves.
 
Encaminhar o formulário via e-mail SUPNOC por e-mail para encaminharmos para Claro.
 
Obs.: Atividade precisa estar aprovada, vigente e o nome do colaborador na lista.
 
ENDEREÇO DA CENTRAL DOS SITES em MG: RUA ESPÍRITO SANTO N°1000 - CENTRO
Maria Eduarda R."
417054,TCMGCPT0001,MGCPT01,Liberado,22/09/2026,RUA DRAVELINO DE QUEIROZ SN,SUL,Adriano Francisco de Paula,"""Após a aprovação do chamado em nosso sistema o técnico deverá baixar o APP em seu celular.
NOME DO APLICATIVO: MASTER LOCK VAULT ENTERPRISE:
•	Após acesso liberado via acesites e cadastro interno do sistema o técnico receberá um e-mail (noreply@masterlockvault.com) com uma senha provisória.
•	No primeiro acesso deverão ser preenchidos os campos a seguir:
•	ORGANIZATION ID: TORRESDOBRASIL 
•	EMAIL: Preencher e-mail cadastrado em nosso sistema Acesites
•	PASSWORD: Senha provisória recebida no e-mail (Verificar Lixo Eletrônico).
•	Configurar o celular para permitir o aplicativo utilizar a localização do aparelho durante o uso do APP (Configuração varia de acordo com o modelo do celular)

Após baixar o APP entrar em contato com o NOC TBSA para dar entrada ao site:
NOC (21) 2391 9487""

Maria Eduarda"
417074,TCMGGUE0001,MGGUE01,Liberado,22/09/2026,RUA DRJOAQUIM COELHO FILHO- SN,SUL,Adriano Francisco de Paula,"""Para os acessos da Regional de MG, foi realizado uma reunião com a Claro e para os sites PORTFOLIO TBSA será necessário apresentação apenas do chamado do sistema Acesites na Central da Claro para retirada de chaves.
 
Encaminhar o formulário via e-mail SUPNOC por e-mail para encaminharmos para Claro.
 
Obs.: Atividade precisa estar aprovada, vigente e o nome do colaborador na lista.
 
ENDEREÇO DA CENTRAL DOS SITES em MG: RUA ESPÍRITO SANTO N°1000 - CENTRO""

Maria Eduarda"
427958,TCMGMCL0005,MGMCL14,Liberado,17/10/2026,RUA E SN,NORTE,Paulo De Freitas Pereira,"Após a aprovação do chamado em nosso sistema o técnico deverá baixar o APP em seu celular.
NOME DO APLICATIVO: MASTER LOCK VAULT ENTERPRISE:
•	Após acesso liberado via acesites e cadastro interno do sistema o técnico receberá um e-mail (noreply@masterlockvault.com) com uma senha provisória.
•	No primeiro acesso deverão ser preenchidos os campos a seguir:
•	ORGANIZATION ID: TORRESDOBRASIL
•	EMAIL: Preencher e-mail cadastrado em nosso sistema Acesites
•	PASSWORD: Senha provisória recebida no e-mail (Verificar Lixo Eletrônico).
•	Configurar o celular para permitir o aplicativo utilizar a localização do aparelho durante o uso do APP (Configuração varia de acordo com o modelo do celular)
Após baixar o APP entrar em contato com o NOC TBSA para dar entrada ao site:
NOC (21) 2391 9487

Deborah Perotti"
427790,TCMGSUW0001,MGSUW01,Liberado,07/10/2026,RUA ENGENHEIRO MAURICIO CAMPOS- SN,METROPOLITANO,Arthur Santos de Oliveira,"“Para os acessos da Regional MG, foi realizada uma reunião com a Claro e ficou definido que, para os sites do portfólio TBSA, será necessária apenas a apresentação do chamado do sistema Acesites na Central da Claro para retirada das chaves. Para isso, deverá ser encaminhado um e-mail para Vanessa (vanessa.barros.terceiros@siteslatam.com.br), solicitando o formulário para preenchimento e liberação das chaves.
Observações:
A atividade deve estar aprovada e vigente no sistema.
O nome do colaborador deve constar na lista de autorização.
O endereço para retirada das chaves será encaminhado pelo responsável da Central via e-mail.”


Deborah Perotti"
427991,TCMGSMI0001,MGJAI80,Liberado,17/11/2026,RUA ESPINOSA LOTE 13 QD 01- 381,NORTE,Paulo De Freitas Pereira,"""“Para os acessos da Regional MG, foi realizada uma reunião com a Claro e ficou definido que, para os sites do portfólio TBSA, será necessária apenas a apresentação do chamado do sistema Acesites na Central da Claro para retirada das chaves. Para isso, deverá ser encaminhado um e-mail para Vanessa (vanessa.barros.terceiros@siteslatam.com.br), solicitando o formulário para preenchimento e liberação das chaves.
Observações:
A atividade deve estar aprovada e vigente no sistema.
O nome do colaborador deve constar na lista de autorização.
O endereço para retirada das chaves será encaminhado pelo responsável da Central via e-mail.”""

Melissa Sato"
427801,TCMGCPG0001,MGCPG01,Liberado,07/10/2026,RUA EVARISTO TEODORO DE SOUZA 349,SUL,Adriano Francisco de Paula,"Após a aprovação do chamado em nosso sistema o técnico deverá baixar o APP em seu celular.
NOME DO APLICATIVO: MASTER LOCK VAULT ENTERPRISE:
•	Após acesso liberado via acesites e cadastro interno do sistema o técnico receberá um e-mail (noreply@masterlockvault.com) com uma senha provisória.
•	No primeiro acesso deverão ser preenchidos os campos a seguir:
•	ORGANIZATION ID: TORRESDOBRASIL
•	EMAIL: Preencher e-mail cadastrado em nosso sistema Acesites
•	PASSWORD: Senha provisória recebida no e-mail (Verificar Lixo Eletrônico).
•	Configurar o celular para permitir o aplicativo utilizar a localização do aparelho durante o uso do APP (Configuração varia de acordo com o modelo do celular)
Após baixar o APP entrar em contato com o NOC TBSA para dar entrada ao site:
NOC (21) 2391 9487

Deborah Perotti"
427775,TCMGPTI0001,MGPTI02,Liberado,07/10/2026,RUA EXPEDICIONARIOS 346,METROPOLITANO,Leandro de Menezes Assunção,"SEGREDO:0001

Após a aprovação do chamado em nosso sistema o técnico deverá baixar o APP em seu celular.
NOME DO APLICATIVO: MASTER LOCK VAULT ENTERPRISE:
•	Após acesso liberado via acesites e cadastro interno do sistema o técnico receberá um e-mail (noreply@masterlockvault.com) com uma senha provisória.
•	No primeiro acesso deverão ser preenchidos os campos a seguir:
•	ORGANIZATION ID: TORRESDOBRASIL
•	EMAIL: Preencher e-mail cadastrado em nosso sistema Acesites
•	PASSWORD: Senha provisória recebida no e-mail (Verificar Lixo Eletrônico).
•	Configurar o celular para permitir o aplicativo utilizar a localização do aparelho durante o uso do APP (Configuração varia de acordo com o modelo do celular)
Após baixar o APP entrar em contato com o NOC TBSA para dar entrada ao site:
NOC (21) 2391 9487

Deborah Perotti"
427773,TCMGPRM0001,MGPRM07,Aguardando Aprovação,07/10/2026,RUA FABIO FERNANDO HENRIQUE SN,METROPOLITANO,Leandro de Menezes Assunção,
427706,TCMGCTA0001,MGCTA01,Aguardando Aprovação,07/10/2026,RUA FELICIO ALVES 644,METROPOLITANO,Arthur Santos de Oliveira,
427984,TCMGMCL0004,MGMCL12,Liberado,17/11/2026,RUA FERNANDO DE NORONHA- 70,NORTE,Paulo De Freitas Pereira,"“Para os acessos da Regional MG, foi realizada uma reunião com a Claro e ficou definido que, para os sites do portfólio TBSA, será necessária apenas a apresentação do chamado do sistema Acesites na Central da Claro para retirada das chaves. Para isso, deverá ser encaminhado um e-mail para Vanessa (vanessa.barros.terceiros@siteslatam.com.br), solicitando o formulário para preenchimento e liberação das chaves.
Observações:
A atividade deve estar aprovada e vigente no sistema.
O nome do colaborador deve constar na lista de autorização.
O endereço para retirada das chaves será encaminhado pelo responsável da Central via e-mail.”

Deborah Perotti"
427696,TCMGBDP0001,MGBDP02,Aguardando Aprovação,07/10/2026,RUA FRANCISCO AL CANCADO 587,METROPOLITANO,Leandro de Menezes Assunção,
427650,TCMGCTG0008,MGCTG25,Liberado,07/10/2026,RUA FRANCISCO ALVES 28,BH,Rafael Porto Alves da Cruz,"Após a aprovação do chamado em nosso sistema o técnico deverá baixar o APP em seu celular.
NOME DO APLICATIVO: MASTER LOCK VAULT ENTERPRISE:
•	Após acesso liberado via acesites e cadastro interno do sistema o técnico receberá um e-mail (noreply@masterlockvault.com) com uma senha provisória.
•	No primeiro acesso deverão ser preenchidos os campos a seguir:
•	ORGANIZATION ID: TORRESDOBRASIL
•	EMAIL: Preencher e-mail cadastrado em nosso sistema Acesites
•	PASSWORD: Senha provisória recebida no e-mail (Verificar Lixo Eletrônico).
•	Configurar o celular para permitir o aplicativo utilizar a localização do aparelho durante o uso do APP (Configuração varia de acordo com o modelo do celular)
Após baixar o APP entrar em contato com o NOC TBSA para dar entrada ao site:
NOC (21) 2391 9487
Maria Eduarda R."
427913,TCMGARX0005,MGARX08,Liberado,18/10/2026,RUA FRANKLIN DE CASTRO- 545,OESTE,Arthur Gomes de Paulo,"Direcionar os técnicos com a carta de liberação em mãos.
Problemas de acesso, acionar o NOC TBSA 21 2391-9487 (wpp/lig) com os técnicos no local para tratarmos pontualmente.
Melissa Sato"
417172,TCMGGDV0002,MGGDV02,Liberado,22/09/2026,RUA G- SN,ZONA DA MATA,André Valério de Paiva,"""Para os acessos da Regional de MG, foi realizado uma reunião com a Claro e para os sites PORTFOLIO TBSA será necessário apresentação apenas do chamado do sistema Acesites na Central da Claro para retirada de chaves.
 
Encaminhar o formulário via e-mail SUPNOC por e-mail para encaminharmos para Claro.
 
Obs.: Atividade precisa estar aprovada, vigente e o nome do colaborador na lista.
 
ENDEREÇO DA CENTRAL DOS SITES em MG: RUA ESPÍRITO SANTO N°1000 - CENTRO""

Melissa Sato"
427932,TCMGPTU0001,MGPRC02,Liberado,18/10/2026,RUA GETULIO DE MELO FRANCO 333,OESTE,Arthur Gomes de Paulo,"Carta encaminhada ao local.
Problemas de acesso, acionar o NOC TBSA 21 2391-9487 (wpp/lig) com os técnicos no local para tratarmos pontualmente.
Melissa Sato"
417123,TCMGSBG0001,MGSBG01,Liberado,22/09/2026,RUA GOAINIA 07 SN,SUL,Adriano Francisco de Paula,"Após a aprovação do chamado em nosso sistema o técnico deverá baixar o APP em seu celular.
NOME DO APLICATIVO: MASTER LOCK VAULT ENTERPRISE:
•	Após acesso liberado via acesites e cadastro interno do sistema o técnico receberá um e-mail (noreply@masterlockvault.com) com uma senha provisória.
•	No primeiro acesso deverão ser preenchidos os campos a seguir:
•	ORGANIZATION ID: TORRESDOBRASIL
•	EMAIL: Preencher e-mail cadastrado em nosso sistema Acesites
•	PASSWORD: Senha provisória recebida no e-mail (Verificar Lixo Eletrônico).
•	Configurar o celular para permitir o aplicativo utilizar a localização do aparelho durante o uso do APP (Configuração varia de acordo com o modelo do celular)
Após baixar o APP entrar em contato com o NOC TBSA para dar entrada ao site:
NOC (21) 2391 9487


Thais Fernandes"
427683,TEMGBET0003,MGBET04,Liberado,07/10/2026,RUA GOIAS 318,BH,Renato Parreiras,"SEGREDO: 0003


Carta encaminhada ao local.
Problemas de acesso, acionar o NOC TBSA 21 2391-9487 (wpp) com os técnicos no local para tratarmos pontualmente.

Deborah Perotti"
427778,TCMGSGN0001,MGSGN01,Liberado,07/10/2026,RUA GOIAS- SN,METROPOLITANO,Leandro de Menezes Assunção,"“Para os acessos da Regional MG, foi realizada uma reunião com a Claro e ficou definido que, para os sites do portfólio TBSA, será necessária apenas a apresentação do chamado do sistema Acesites na Central da Claro para retirada das chaves. Para isso, deverá ser encaminhado um e-mail para Vanessa (vanessa.barros.terceiros@siteslatam.com.br), solicitando o formulário para preenchimento e liberação das chaves.
Observações:
A atividade deve estar aprovada e vigente no sistema.
O nome do colaborador deve constar na lista de autorização.
O endereço para retirada das chaves será encaminhado pelo responsável da Central via e-mail.”


Deborah Perotti"
427613,TCMGBHO0057,MGSAV15,Liberado,07/10/2026,RUA GONCALVES DIAS 1205,BH,Renato Parreiras,"Carta encaminhada ao local.
Problemas de acesso, acionar o NOC TBSA 21 2391-9487 (wpp/lig) com os técnicos no local para tratarmos pontualmente.

Maria Eduarda"
427609,TCMGBHO0053,MGSAV08,Liberado,07/10/2026,RUA GONCALVES DIAS 3144,BH,Renato Parreiras,"Carta encaminhada ao local.
Problemas de acesso, acionar o NOC TBSA 21 2391-9487 (wpp/lig) com os técnicos no local para tratarmos pontualmente.

Ellen P"
428075,TCMGMHL0001,MGMHL01,Liberado,17/11/2026,RUA GOVERNADOR MAGALHAES PINTO SN,LESTE,Paulo De Freitas Pereira,"""Após a aprovação do chamado em nosso sistema o técnico deverá baixar o APP em seu celular.
NOME DO APLICATIVO: MASTER LOCK VAULT ENTERPRISE:
•	Após acesso liberado via acesites e cadastro interno do sistema o técnico receberá um e-mail (noreply@masterlockvault.com) com uma senha provisória.
•	No primeiro acesso deverão ser preenchidos os campos a seguir:
•	ORGANIZATION ID: TORRESDOBRASIL
•	EMAIL: Preencher e-mail cadastrado em nosso sistema Acesites
•	PASSWORD: Senha provisória recebida no e-mail (Verificar Lixo Eletrônico).
•	Configurar o celular para permitir o aplicativo utilizar a localização do aparelho durante o uso do APP (Configuração varia de acordo com o modelo do celular)

Após baixar o APP entrar em contato com o NOC TBSA para dar entrada ao site:
NOC (21) 2391 9487""

Melissa Sato"
427584,TCMGBHO0018,MGCEN09,Liberado,07/10/2026,RUA GUAJAJARAS 1470,BH,Renato Parreiras,"Carta encaminhada ao local.
Problemas de acesso, acionar o NOC TBSA 21 2391-9487 (wpp/lig) com os técnicos no local para tratarmos pontualmente.

Ellen P"
417029,TCMGBDM0001,MGBDM01,Liberado,22/09/2026,RUA HERCULANO COBRA 801,SUL,Adriano Francisco de Paula,"SEGREDO: 0001
Maria Eduarda"
428067,TCMGIPG0001,MGIPG07,Liberado,17/11/2026,RUA I- SN,LESTE,Paulo De Freitas Pereira,"PROTECAES

""“Para os acessos da Regional MG, foi realizada uma reunião com a Claro e ficou definido que, para os sites do portfólio TBSA, será necessária apenas a apresentação do chamado do sistema Acesites na Central da Claro para retirada das chaves. Para isso, deverá ser encaminhado um e-mail para Vanessa (vanessa.barros.terceiros@siteslatam.com.br), solicitando o formulário para preenchimento e liberação das chaves.
Observações:
A atividade deve estar aprovada e vigente no sistema.
O nome do colaborador deve constar na lista de autorização.
O endereço para retirada das chaves será encaminhado pelo responsável da Central via e-mail.”""

Melissa Sato"
417106,TCMGPNS0001,MGPNS02,Liberado,22/09/2026,RUA IDALINA CAROLINA DE REZENDE SN- SN,SUL,Adriano Francisco de Paula,"Para os acessos da Regional de MG, foi realizado uma reunião com a Claro e para os sites PORTFOLIO TBSA será necessário apresentação apenas do chamado do sistema Acesites na Central da Claro para retirada de chaves.
 
Encaminhar o formulário via e-mail SUPNOC por e-mail para encaminharmos para Claro.
 
Obs.: Atividade precisa estar aprovada, vigente e o nome do colaborador na lista.
 
ENDEREÇO DA CENTRAL DOS SITES em MG: RUA ESPÍRITO SANTO N°1000 - CENTRO""


Thais Fernandes"
427623,TCMGBHO0066,MGPAM27,Liberado,07/10/2026,RUA IRLANDA 145 SN,BH,Rafael Porto Alves da Cruz,"Carta encaminhada ao local.
Problemas de acesso, acionar o NOC TBSA 21 2391-9487 (wpp/lig) com os técnicos no local para tratarmos pontualmente.

Maria Eduarda"
427624,TCMGBHO0067,MGOUP18,Liberado,07/10/2026,RUA ITABIRA 777,BH,Rafael Porto Alves da Cruz,"Prédio não tem porteiro. ACESSO SOMENTE ÁS SEGUNDAS FEIRAS DE 9HS ÁS 12H. SÍNDICA: Maria Luísa
AO CHEGAR NO LOCAL, PROCURAR REJANE. 

Carta encaminhada ao local.
Problemas de acesso, acionar o NOC TBSA 21 2391-9487 (wpp/lig) com os técnicos no local para tratarmos pontualmente.

Thais Fernandes"
427631,TCMGBHO0073,MGFTAS2,Liberado,07/10/2026,RUA ITAGUARA 196,BH,Rafael Porto Alves da Cruz,"Carta encaminhada ao local.
Problemas de acesso, acionar o NOC TBSA 21 2391-9487 (wpp/lig) com os técnicos no local para tratarmos pontualmente.

Maria Eduarda"
427576,TCMGBHO0005,MGBEL18,Aguardando Aprovação,07/10/2026,RUA ITAI 776,BH,Rafael Porto Alves da Cruz,
427710,TCMGDIV0005,MGDIV07,Liberado,07/10/2026,RUA ITAMBE- 434,METROPOLITANO,Leandro de Menezes Assunção,"Direcionar os técnicos com a carta de liberação em mãos.
Problemas de acesso, acionar o NOC TBSA 21 2391-9487 (wpp/lig) com os técnicos no local para tratarmos pontualmente.

Deborah Perotti"
427592,TCMGBHO0033,MGDCA02,Liberado,07/10/2026,RUA ITOROROM 326 SN,BH,Renato Parreiras,"Após a aprovação do chamado em nosso sistema o técnico deverá baixar o APP em seu celular.
NOME DO APLICATIVO: MASTER LOCK VAULT ENTERPRISE:
•	Após acesso liberado via acesites e cadastro interno do sistema o técnico receberá um e-mail (noreply@masterlockvault.com) com uma senha provisória.
•	No primeiro acesso deverão ser preenchidos os campos a seguir:
•	ORGANIZATION ID: TORRESDOBRASIL 
•	EMAIL: Preencher e-mail cadastrado em nosso sistema Acesites
•	PASSWORD: Senha provisória recebida no e-mail (Verificar Lixo Eletrônico).
•	Configurar o celular para permitir o aplicativo utilizar a localização do aparelho durante o uso do APP (Configuração varia de acordo com o modelo do celular)

Após baixar o APP entrar em contato com o NOC TBSA para dar entrada ao site:
NOC (21) 2391 9487
Maria Eduarda R."
427606,TCMGBHO0051,MGPLA09,Liberado,07/10/2026,RUA IVAN FERREIRA ALVES 270,BH,Rafael Porto Alves da Cruz,"""Após a aprovação do chamado em nosso sistema o técnico deverá baixar o APP em seu celular.
NOME DO APLICATIVO: MASTER LOCK VAULT ENTERPRISE:
•	Após acesso liberado via acesites e cadastro interno do sistema o técnico receberá um e-mail (noreply@masterlockvault.com) com uma senha provisória.
•	No primeiro acesso deverão ser preenchidos os campos a seguir:
•	ORGANIZATION ID: TORRESDOBRASIL
•	EMAIL: Preencher e-mail cadastrado em nosso sistema Acesites
•	PASSWORD: Senha provisória recebida no e-mail (Verificar Lixo Eletrônico).
•	Configurar o celular para permitir o aplicativo utilizar a localização do aparelho durante o uso do APP (Configuração varia de acordo com o modelo do celular)

Após baixar o APP entrar em contato com o NOC TBSA para dar entrada ao site:
NOC (21) 2391 9487""
Maria Eduarda R."
427627,TCMGBHO0071,MGBRT22,Liberado,07/10/2026,RUA JANDIATUBA- 11,BH,Renato Parreiras,"EDIFÍCIO BARÃO DE CAETITE PORTA: CHAMAR 901,

Carta encaminhada ao local.
Problemas de acesso, acionar o NOC TBSA 21 2391-9487 (wpp/lig) com os técnicos no local para tratarmos pontualmente.

Thais Fernandes"
428042,TCMGTEO0001,MGTEO04,Liberado,17/10/2026,RUA JEQUITINHONHA SN,LESTE,Paulo De Freitas Pereira,"""Após a aprovação do chamado em nosso sistema o técnico deverá baixar o APP em seu celular.
NOME DO APLICATIVO: MASTER LOCK VAULT ENTERPRISE:
•	Após acesso liberado via acesites e cadastro interno do sistema o técnico receberá um e-mail (noreply@masterlockvault.com) com uma senha provisória.
•	No primeiro acesso deverão ser preenchidos os campos a seguir:
•	ORGANIZATION ID: TORRESDOBRASIL
•	EMAIL: Preencher e-mail cadastrado em nosso sistema Acesites
•	PASSWORD: Senha provisória recebida no e-mail (Verificar Lixo Eletrônico).
•	Configurar o celular para permitir o aplicativo utilizar a localização do aparelho durante o uso do APP (Configuração varia de acordo com o modelo do celular)

Após baixar o APP entrar em contato com o NOC TBSA para dar entrada ao site:
NOC (21) 2391 9487""

Melissa Sato"
427943,TCMGUBE0008,MGULA01,Liberado,18/10/2026,RUA JOAO ASCINDINO COSTA SN,OESTE,Arthur Gomes de Paulo,"PROTECAES.

Após a aprovação do chamado em nosso sistema o técnico deverá baixar o APP em seu celular.
NOME DO APLICATIVO: MASTER LOCK VAULT ENTERPRISE:
•	Após acesso liberado via acesites e cadastro interno do sistema o técnico receberá um e-mail (noreply@masterlockvault.com) com uma senha provisória.
•	No primeiro acesso deverão ser preenchidos os campos a seguir:
•	ORGANIZATION ID: TORRESDOBRASIL
•	EMAIL: Preencher e-mail cadastrado em nosso sistema Acesites
•	PASSWORD: Senha provisória recebida no e-mail (Verificar Lixo Eletrônico).
•	Configurar o celular para permitir o aplicativo utilizar a localização do aparelho durante o uso do APP (Configuração varia de acordo com o modelo do celular)
Após baixar o APP entrar em contato com o NOC TBSA para dar entrada ao site:
NOC (21) 2391 9487

Deborah Perotti"
427604,TCMGBHO0047,MGPAM12,Liberado,07/10/2026,RUA JOAO BERNADINO SANTOS SN,BH,Rafael Porto Alves da Cruz,"""Após a aprovação do chamado em nosso sistema o técnico deverá baixar o APP em seu celular.
NOME DO APLICATIVO: MASTER LOCK VAULT ENTERPRISE:
•	Após acesso liberado via acesites e cadastro interno do sistema o técnico receberá um e-mail (noreply@masterlockvault.com) com uma senha provisória.
•	No primeiro acesso deverão ser preenchidos os campos a seguir:
•	ORGANIZATION ID: TORRESDOBRASIL 
•	EMAIL: Preencher e-mail cadastrado em nosso sistema Acesites
•	PASSWORD: Senha provisória recebida no e-mail (Verificar Lixo Eletrônico).
•	Configurar o celular para permitir o aplicativo utilizar a localização do aparelho durante o uso do APP (Configuração varia de acordo com o modelo do celular)

Após baixar o APP entrar em contato com o NOC TBSA para dar entrada ao site:
NOC (21) 2391 9487""
Maria Eduarda R."
428040,TCMGSRY0001,MGSRI01,Liberado,17/10/2026,RUA JOAO CORREA DE FARIAS- 317,LESTE,Paulo De Freitas Pereira,"""“Para os acessos da Regional MG, foi realizada uma reunião com a Claro e ficou definido que, para os sites do portfólio TBSA, será necessária apenas a apresentação do chamado do sistema Acesites na Central da Claro para retirada das chaves. Para isso, deverá ser encaminhado um e-mail para Vanessa (vanessa.barros.terceiros@siteslatam.com.br), solicitando o formulário para preenchimento e liberação das chaves.
Observações:
A atividade deve estar aprovada e vigente no sistema.
O nome do colaborador deve constar na lista de autorização.
O endereço para retirada das chaves será encaminhado pelo responsável da Central via e-mail.”""

Melissa Sato"
417111,TCMGPOU0006,MGPOA02,Liberado,22/09/2026,RUA JOAO INACIO RAIMUNDO- 500,SUL,Adriano Francisco de Paula,"""Para os acessos da Regional de MG, foi realizado uma reunião com a Claro e para os sites PORTFOLIO TBSA será necessário apresentação apenas do chamado do sistema Acesites na Central da Claro para retirada de chaves.
 
Encaminhar o formulário via e-mail SUPNOC por e-mail para encaminharmos para Claro.
 
Obs.: Atividade precisa estar aprovada, vigente e o nome do colaborador na lista.
 
ENDEREÇO DA CENTRAL DOS SITES em MG: RUA ESPÍRITO SANTO N°1000 - CENTRO""


Thais Fernandes"
416992,TCMGACB0001,MGACB01,Liberado,22/09/2026,RUA JOAO JOSE PERES FERNANDES 41- SN,SUL,Adriano Francisco de Paula,"""Para os acessos da Regional de MG, foi realizado uma reunião com a Claro e para os sites PORTFOLIO TBSA será necessário apresentação apenas do chamado do sistema Acesites na Central da Claro para retirada de chaves.
 
Encaminhar o formulário via e-mail SUPNOC por e-mail para encaminharmos para Claro.
 
Obs.: Atividade precisa estar aprovada, vigente e o nome do colaborador na lista.
 
ENDEREÇO DA CENTRAL DOS SITES em MG: RUA ESPÍRITO SANTO N°1000 - CENTRO""

Maria Eduarda"
427787,TCMGSSO0001,MGSSO01,Liberado,07/10/2026,RUA JOAO TIBURCIO SN,METROPOLITANO,Leandro de Menezes Assunção,"Após a aprovação do chamado em nosso sistema o técnico deverá baixar o APP em seu celular.
NOME DO APLICATIVO: MASTER LOCK VAULT ENTERPRISE:
•	Após acesso liberado via acesites e cadastro interno do sistema o técnico receberá um e-mail (noreply@masterlockvault.com) com uma senha provisória.
•	No primeiro acesso deverão ser preenchidos os campos a seguir:
•	ORGANIZATION ID: TORRESDOBRASIL
•	EMAIL: Preencher e-mail cadastrado em nosso sistema Acesites
•	PASSWORD: Senha provisória recebida no e-mail (Verificar Lixo Eletrônico).
•	Configurar o celular para permitir o aplicativo utilizar a localização do aparelho durante o uso do APP (Configuração varia de acordo com o modelo do celular)
Após baixar o APP entrar em contato com o NOC TBSA para dar entrada ao site:
NOC (21) 2391 9487

Deborah Perotti"
427800,TCMGCOU0001,MGCDO01,Liberado,07/10/2026,RUA JOAQUIM EUGENIO DA FONSECA SN,SUL,Adriano Francisco de Paula,"Após a aprovação do chamado em nosso sistema o técnico deverá baixar o APP em seu celular.
NOME DO APLICATIVO: MASTER LOCK VAULT ENTERPRISE:
•	Após acesso liberado via acesites e cadastro interno do sistema o técnico receberá um e-mail (noreply@masterlockvault.com) com uma senha provisória.
•	No primeiro acesso deverão ser preenchidos os campos a seguir:
•	ORGANIZATION ID: TORRESDOBRASIL
•	EMAIL: Preencher e-mail cadastrado em nosso sistema Acesites
•	PASSWORD: Senha provisória recebida no e-mail (Verificar Lixo Eletrônico).
•	Configurar o celular para permitir o aplicativo utilizar a localização do aparelho durante o uso do APP (Configuração varia de acordo com o modelo do celular)
Após baixar o APP entrar em contato com o NOC TBSA para dar entrada ao site:
NOC (21) 2391 9487

Deborah Perotti"
427766,TCMGOLI0002,MGOLIR1,Aguardando Aprovação,07/10/2026,RUA JOAQUIM MACHADO LAGUARDIA- 126,METROPOLITANO,Leandro de Menezes Assunção,
428050,TEMGGVD0002,MGGVD07,Liberado,17/10/2026,RUA JOAQUIM NEVES FERREIRA / RUA E-,LESTE,Paulo De Freitas Pereira,"Carta encaminhada ao local

""“Para os acessos da Regional MG, foi realizada uma reunião com a Claro e ficou definido que, para os sites do portfólio TBSA, será necessária apenas a apresentação do chamado do sistema Acesites na Central da Claro para retirada das chaves. Para isso, deverá ser encaminhado um e-mail para Vanessa (vanessa.barros.terceiros@siteslatam.com.br), solicitando o formulário para preenchimento e liberação das chaves.
Observações:
A atividade deve estar aprovada e vigente no sistema.
O nome do colaborador deve constar na lista de autorização.
O endereço para retirada das chaves será encaminhado pelo responsável da Central via e-mail.”""

Melissa Sato"
427930,TCMGPMS0003,MGPMS02,Liberado,18/10/2026,RUA JOAQUIM S BORGES SN,OESTE,Arthur Gomes de Paulo,"Após a aprovação do chamado em nosso sistema o técnico deverá baixar o APP em seu celular.
NOME DO APLICATIVO: MASTER LOCK VAULT ENTERPRISE:
•	Após acesso liberado via acesites e cadastro interno do sistema o técnico receberá um e-mail (noreply@masterlockvault.com) com uma senha provisória.
•	No primeiro acesso deverão ser preenchidos os campos a seguir:
•	ORGANIZATION ID: TORRESDOBRASIL
•	EMAIL: Preencher e-mail cadastrado em nosso sistema Acesites
•	PASSWORD: Senha provisória recebida no e-mail (Verificar Lixo Eletrônico).
•	Configurar o celular para permitir o aplicativo utilizar a localização do aparelho durante o uso do APP (Configuração varia de acordo com o modelo do celular)
Após baixar o APP entrar em contato com o NOC TBSA para dar entrada ao site:
NOC (21) 2391 9487

Deborah Perotti"
417158,TCMGBJA0002,MGBJA02,Liberado,22/09/2026,RUA JOSE AUGUSTO AFFONSO SN,ZONA DA MATA,André Valério de Paiva,"SEGREDO: 0002

Melissa Sato"
427799,TCMGBDL0001,MGBDL01,Liberado,07/10/2026,RUA JOSE BANDEIRA DE CARVALHO SN,SUL,Adriano Francisco de Paula,"Após a aprovação do chamado em nosso sistema o técnico deverá baixar o APP em seu celular.
NOME DO APLICATIVO: MASTER LOCK VAULT ENTERPRISE:
•	Após acesso liberado via acesites e cadastro interno do sistema o técnico receberá um e-mail (noreply@masterlockvault.com) com uma senha provisória.
•	No primeiro acesso deverão ser preenchidos os campos a seguir:
•	ORGANIZATION ID: TORRESDOBRASIL
•	EMAIL: Preencher e-mail cadastrado em nosso sistema Acesites
•	PASSWORD: Senha provisória recebida no e-mail (Verificar Lixo Eletrônico).
•	Configurar o celular para permitir o aplicativo utilizar a localização do aparelho durante o uso do APP (Configuração varia de acordo com o modelo do celular)
Após baixar o APP entrar em contato com o NOC TBSA para dar entrada ao site:
NOC (21) 2391 9487

Deborah Perotti"
427689,TEMGBHO0019,MGBEL01,Aguardando Aprovação,07/10/2026,RUA JOSÉ BARONI- 170,BH,Rafael Porto Alves da Cruz,
427705,TCMGCOR0001,MGCOR01,Aguardando Aprovação,07/10/2026,RUA JOSE BRIGIDO 71,METROPOLITANO,Leandro de Menezes Assunção,
417025,TCMGALF0001,MGALFR2,Liberado,22/09/2026,RUA JOSE DIAS BARROSO- 270,SUL,Adriano Francisco de Paula,"""Para os acessos da Regional de MG, foi realizado uma reunião com a Claro e para os sites PORTFOLIO TBSA será necessário apresentação apenas do chamado do sistema Acesites na Central da Claro para retirada de chaves.
 
Encaminhar o formulário via e-mail SUPNOC por e-mail para encaminharmos para Claro.
 
Obs.: Atividade precisa estar aprovada, vigente e o nome do colaborador na lista.
 
ENDEREÇO DA CENTRAL DOS SITES em MG: RUA ESPÍRITO SANTO N°1000 - CENTRO""

Maria Eduarda"
427573,TCMGBHO0001,MGBAR02,Liberado,07/10/2026,RUA JOSE EDUARDO MOREIRA 17,BH,Renato Parreiras,"""Após a aprovação do chamado em nosso sistema o técnico deverá baixar o APP em seu celular.
NOME DO APLICATIVO: MASTER LOCK VAULT ENTERPRISE:
•	Após acesso liberado via acesites e cadastro interno do sistema o técnico receberá um e-mail (noreply@masterlockvault.com) com uma senha provisória.
•	No primeiro acesso deverão ser preenchidos os campos a seguir:
•	ORGANIZATION ID: TORRESDOBRASIL
•	EMAIL: Preencher e-mail cadastrado em nosso sistema Acesites
•	PASSWORD: Senha provisória recebida no e-mail (Verificar Lixo Eletrônico).
•	Configurar o celular para permitir o aplicativo utilizar a localização do aparelho durante o uso do APP (Configuração varia de acordo com o modelo do celular)

Após baixar o APP entrar em contato com o NOC TBSA para dar entrada ao site:
NOC (21) 2391 9487""
Maria Eduarda R."
417056,TCMGCQL0001,MGCQL01,Liberado,22/09/2026,RUA JOSE FELICIANO VILELA- SN,SUL,Adriano Francisco de Paula,"""Para os acessos da Regional de MG, foi realizado uma reunião com a Claro e para os sites PORTFOLIO TBSA será necessário apresentação apenas do chamado do sistema Acesites na Central da Claro para retirada de chaves.
 
Encaminhar o formulário via e-mail SUPNOC por e-mail para encaminharmos para Claro.
 
Obs.: Atividade precisa estar aprovada, vigente e o nome do colaborador na lista.
 
ENDEREÇO DA CENTRAL DOS SITES em MG: RUA ESPÍRITO SANTO N°1000 - CENTRO""
Maria Eduarda"
417084,TCMGIPN0001,MGIPU01,Liberado,22/09/2026,RUA JOSE JUNQUEIRA FRANCO- SN,SUL,Adriano Francisco de Paula,"Para os acessos da Regional de MG, foi realizado uma reunião com a Claro e para os sites PORTFOLIO TBSA será necessário apresentação apenas do chamado do sistema Acesites na Central da Claro para retirada de chaves.
 
Encaminhar o formulário via e-mail SUPNOC por e-mail para encaminharmos para Claro.
 
Obs.: Atividade precisa estar aprovada, vigente e o nome do colaborador na lista.
 
ENDEREÇO DA CENTRAL DOS SITES em MG: RUA ESPÍRITO SANTO N°1000 - CENTRO

Ellen P"
427912,TCMGARX0003,MGARX09,Liberado,18/10/2026,RUA JOSE PEDRO DA SILVA SN,OESTE,Arthur Gomes de Paulo,"CADEADO SEGREDO, SENHA 0003

Deborah Perotti"
417149,TCMGBBC0002,MGBBC05,Liberado,22/09/2026,RUA JOSE PESOLAB SN,ZONA DA MATA,André Valério de Paiva,"""Após a aprovação do chamado em nosso sistema o técnico deverá baixar o APP em seu celular.
NOME DO APLICATIVO: MASTER LOCK VAULT ENTERPRISE:
•	Após acesso liberado via acesites e cadastro interno do sistema o técnico receberá um e-mail (noreply@masterlockvault.com) com uma senha provisória.
•	No primeiro acesso deverão ser preenchidos os campos a seguir:
•	ORGANIZATION ID: TORRESDOBRASIL
•	EMAIL: Preencher e-mail cadastrado em nosso sistema Acesites
•	PASSWORD: Senha provisória recebida no e-mail (Verificar Lixo Eletrônico).
•	Configurar o celular para permitir o aplicativo utilizar a localização do aparelho durante o uso do APP (Configuração varia de acordo com o modelo do celular)

Após baixar o APP entrar em contato com o NOC TBSA para dar entrada ao site:
NOC (21) 2391 9487""

Melissa Sato"
427735,TCMGITG0003,MGITTR2,Aguardando Aprovação,07/10/2026,RUA JUAZEIRO DO NORTE 41,METROPOLITANO,Leandro de Menezes Assunção,
428061,TCMGGVD0006,MGGVD12,Liberado,17/11/2026,RUA JULIO CIPRIANO 347,LESTE,Paulo De Freitas Pereira,"""Após a aprovação do chamado em nosso sistema o técnico deverá baixar o APP em seu celular.
NOME DO APLICATIVO: MASTER LOCK VAULT ENTERPRISE:
•	Após acesso liberado via acesites e cadastro interno do sistema o técnico receberá um e-mail (noreply@masterlockvault.com) com uma senha provisória.
•	No primeiro acesso deverão ser preenchidos os campos a seguir:
•	ORGANIZATION ID: TORRESDOBRASIL
•	EMAIL: Preencher e-mail cadastrado em nosso sistema Acesites
•	PASSWORD: Senha provisória recebida no e-mail (Verificar Lixo Eletrônico).
•	Configurar o celular para permitir o aplicativo utilizar a localização do aparelho durante o uso do APP (Configuração varia de acordo com o modelo do celular)

Após baixar o APP entrar em contato com o NOC TBSA para dar entrada ao site:
NOC (21) 2391 9487""

Melissa Sato"
427922,TCMGMAM0001,MGMAM01,Liberado,18/10/2026,RUA JUSCELINO KUBITSCHECK SN,OESTE,Arthur Gomes de Paulo,"Após a aprovação do chamado em nosso sistema o técnico deverá baixar o APP em seu celular.
NOME DO APLICATIVO: MASTER LOCK VAULT ENTERPRISE:
•	Após acesso liberado via acesites e cadastro interno do sistema o técnico receberá um e-mail (noreply@masterlockvault.com) com uma senha provisória.
•	No primeiro acesso deverão ser preenchidos os campos a seguir:
•	ORGANIZATION ID: TORRESDOBRASIL
•	EMAIL: Preencher e-mail cadastrado em nosso sistema Acesites
•	PASSWORD: Senha provisória recebida no e-mail (Verificar Lixo Eletrônico).
•	Configurar o celular para permitir o aplicativo utilizar a localização do aparelho durante o uso do APP (Configuração varia de acordo com o modelo do celular)
Após baixar o APP entrar em contato com o NOC TBSA para dar entrada ao site:
NOC (21) 2391 9487

Deborah Perotti"
427588,TCMGBHO0026,MGCJA08,Liberado,07/10/2026,RUA JUVENAL DOS SANTOS 150,BH,Renato Parreiras,"EDIF. GALDINA CABRAL

COMUNICAR A DATA DA ATIVIDADE E HORARIO
Carta encaminhada ao local.
Problemas de acesso, acionar o NOC TBSA 21 2391-9487 (wpp/lig) com os técnicos no local para tratarmos pontualmente.

Ellen P"
327099,TEMGJZF0007,MGJZF08,Liberado,31/03/2026,RUA KATIA MANFROI 215,ZONA DA MATA,André Valério de Paiva,"Carta encaminhada ao local.
Problemas de acesso, acionar o NOC TBSA 21 2391-9487 (wpp) com os técnicos no local para tratarmos pontualmente.

Após a aprovação do chamado em nosso sistema o técnico deverá baixar o APP em seu celular. 
NOME DO APLICATIVO: MASTER LOCK VAULT ENTERPRISE: 
•	Após acesso liberado via acesites e cadastro interno do sistema o técnico receberá um e-mail (noreply@masterlockvault.com) com uma senha provisória. 
•	No primeiro acesso deverão ser preenchidos os campos a seguir: 
•	ORGANIZATION ID: TORRESDOBRASIL  
•	EMAIL: Preencher e-mail cadastrado em nosso sistema Acesites 
•	PASSWORD: Senha provisória recebida no e-mail (Verificar Lixo Eletrônico). 
•	Configurar o celular para permitir o aplicativo utilizar a localização do aparelho durante o uso do APP (Configuração varia de acordo com o modelo do celular) 
Após baixar o APP entrar em contato com o NOC TBSA para dar entrada ao site: 
NOC (21) 2391 9487 


leonardo L"
428010,TCMGCNP0001,MGCNP01,Liberado,17/10/2026,RUA LAJAO 189,LESTE,Paulo De Freitas Pereira,"""Após a aprovação do chamado em nosso sistema o técnico deverá baixar o APP em seu celular.
NOME DO APLICATIVO: MASTER LOCK VAULT ENTERPRISE:
•	Após acesso liberado via acesites e cadastro interno do sistema o técnico receberá um e-mail (noreply@masterlockvault.com) com uma senha provisória.
•	No primeiro acesso deverão ser preenchidos os campos a seguir:
•	ORGANIZATION ID: TORRESDOBRASIL
•	EMAIL: Preencher e-mail cadastrado em nosso sistema Acesites
•	PASSWORD: Senha provisória recebida no e-mail (Verificar Lixo Eletrônico).
•	Configurar o celular para permitir o aplicativo utilizar a localização do aparelho durante o uso do APP (Configuração varia de acordo com o modelo do celular)

Após baixar o APP entrar em contato com o NOC TBSA para dar entrada ao site:
NOC (21) 2391 9487""

Melissa Sato"
427622,TCMGBHO0065,MGOUP14,Liberado,07/10/2026,RUA LEIRIA 450 SN,BH,Rafael Porto Alves da Cruz,"""Após a aprovação do chamado em nosso sistema o técnico deverá baixar o APP em seu celular.
NOME DO APLICATIVO: MASTER LOCK VAULT ENTERPRISE:
•	Após acesso liberado via acesites e cadastro interno do sistema o técnico receberá um e-mail (noreply@masterlockvault.com) com uma senha provisória.
•	No primeiro acesso deverão ser preenchidos os campos a seguir:
•	ORGANIZATION ID: TORRESDOBRASIL
•	EMAIL: Preencher e-mail cadastrado em nosso sistema Acesites
•	PASSWORD: Senha provisória recebida no e-mail (Verificar Lixo Eletrônico).
•	Configurar o celular para permitir o aplicativo utilizar a localização do aparelho durante o uso do APP (Configuração varia de acordo com o modelo do celular)

Após baixar o APP entrar em contato com o NOC TBSA para dar entrada ao site:
NOC (21) 2391 9487""
Maria Eduarda R."
428043,TCMGTIM0001,MGTIM80,Liberado,17/10/2026,RUA LEONTINA JORGE SN,LESTE,Paulo De Freitas Pereira,"""“Para os acessos da Regional MG, foi realizada uma reunião com a Claro e ficou definido que, para os sites do portfólio TBSA, será necessária apenas a apresentação do chamado do sistema Acesites na Central da Claro para retirada das chaves. Para isso, deverá ser encaminhado um e-mail para Vanessa (vanessa.barros.terceiros@siteslatam.com.br), solicitando o formulário para preenchimento e liberação das chaves.
Observações:
A atividade deve estar aprovada e vigente no sistema.
O nome do colaborador deve constar na lista de autorização.
O endereço para retirada das chaves será encaminhado pelo responsável da Central via e-mail.”""

Melissa Sato"
427795,TCMGTXS0001,MGTXS01,Liberado,07/10/2026,RUA LEVINDO SILVA- 708,METROPOLITANO,Arthur Santos de Oliveira,"“Para os acessos da Regional MG, foi realizada uma reunião com a Claro e ficou definido que, para os sites do portfólio TBSA, será necessária apenas a apresentação do chamado do sistema Acesites na Central da Claro para retirada das chaves. Para isso, deverá ser encaminhado um e-mail para Vanessa (vanessa.barros.terceiros@siteslatam.com.br), solicitando o formulário para preenchimento e liberação das chaves.
Observações:
A atividade deve estar aprovada e vigente no sistema.
O nome do colaborador deve constar na lista de autorização.
O endereço para retirada das chaves será encaminhado pelo responsável da Central via e-mail.”


Deborah Perotti"
428091,TCMGPAD0001,MGPPA01,Liberado,17/11/2026,RUA LOPES DIAS 203,LESTE,Paulo De Freitas Pereira,"""Após a aprovação do chamado em nosso sistema o técnico deverá baixar o APP em seu celular.
NOME DO APLICATIVO: MASTER LOCK VAULT ENTERPRISE:
•	Após acesso liberado via acesites e cadastro interno do sistema o técnico receberá um e-mail (noreply@masterlockvault.com) com uma senha provisória.
•	No primeiro acesso deverão ser preenchidos os campos a seguir:
•	ORGANIZATION ID: TORRESDOBRASIL
•	EMAIL: Preencher e-mail cadastrado em nosso sistema Acesites
•	PASSWORD: Senha provisória recebida no e-mail (Verificar Lixo Eletrônico).
•	Configurar o celular para permitir o aplicativo utilizar a localização do aparelho durante o uso do APP (Configuração varia de acordo com o modelo do celular)

Após baixar o APP entrar em contato com o NOC TBSA para dar entrada ao site:
NOC (21) 2391 9487""

Melissa Sato"
417026,TCMGBAE0001,MGBAE01,Liberado,22/09/2026,RUA LUIZ ARTHUR ROLO SN,SUL,Adriano Francisco de Paula,"segredo 0254

Maria Eduarda"
427948,TCMGUBE0013,MGULA81,Liberado,18/10/2026,RUA MACHADO DE ASSIS- 412,OESTE,Arthur Gomes de Paulo,"Direcionar os técnicos com a carta de liberação em mãos.
Problemas de acesso, acionar o NOC TBSA 21 2391-9487 (wpp/lig) com os técnicos no local para tratarmos pontualmente.
Melissa Sato"
427927,TCMGPMS0002,MGPMS08,Liberado,18/10/2026,RUA MAJOR GOTE- 1003,OESTE,Arthur Gomes de Paulo,"Direcionar os técnicos com a carta de liberação em mãos.
Problemas de acesso, acionar o NOC TBSA 21 2391-9487 (wpp/lig) com os técnicos no local para tratarmos pontualmente.
Melissa Sato"
427713,TCMGDIV0008,MGDIV12,Aguardando Aprovação,07/10/2026,RUA MANAUS SN,METROPOLITANO,Leandro de Menezes Assunção,
417112,TCMGPPO0001,MGPRO01,Liberado,22/09/2026,RUA MARIA DAS DORES- SN,SUL,Adriano Francisco de Paula,"AN5A.

Para os acessos da Regional de MG, foi realizado uma reunião com a Claro e para os sites PORTFOLIO TBSA será necessário apresentação apenas do chamado do sistema Acesites na Central da Claro para retirada de chaves.
 
Encaminhar o formulário via e-mail SUPNOC por e-mail para encaminharmos para Claro.
 
Obs.: Atividade precisa estar aprovada, vigente e o nome do colaborador na lista.
 
ENDEREÇO DA CENTRAL DOS SITES em MG: RUA ESPÍRITO SANTO N°1000 - CENTRO.


Thais Fernandes"
427810,TCMGPSS0002,MGPAS04,Liberado,07/10/2026,RUA MERCURIO SN,SUL,Adriano Francisco de Paula,"Após a aprovação do chamado em nosso sistema o técnico deverá baixar o APP em seu celular.
NOME DO APLICATIVO: MASTER LOCK VAULT ENTERPRISE:
•	Após acesso liberado via acesites e cadastro interno do sistema o técnico receberá um e-mail (noreply@masterlockvault.com) com uma senha provisória.
•	No primeiro acesso deverão ser preenchidos os campos a seguir:
•	ORGANIZATION ID: TORRESDOBRASIL
•	EMAIL: Preencher e-mail cadastrado em nosso sistema Acesites
•	PASSWORD: Senha provisória recebida no e-mail (Verificar Lixo Eletrônico).
•	Configurar o celular para permitir o aplicativo utilizar a localização do aparelho durante o uso do APP (Configuração varia de acordo com o modelo do celular)
Após baixar o APP entrar em contato com o NOC TBSA para dar entrada ao site:
NOC (21) 2391 9487

Deborah Perotti"
417083,TCMGIOG0001,MGIOG01,Liberado,22/09/2026,RUA MINISTRO FRANCISCO CAMPOS- SN,SUL,Adriano Francisco de Paula,"Para os acessos da Regional de MG, foi realizado uma reunião com a Claro e para os sites PORTFOLIO TBSA será necessário apresentação apenas do chamado do sistema Acesites na Central da Claro para retirada de chaves.
 
Encaminhar o formulário via e-mail SUPNOC por e-mail para encaminharmos para Claro.
 
Obs.: Atividade precisa estar aprovada, vigente e o nome do colaborador na lista.
 
ENDEREÇO DA CENTRAL DOS SITES em MG: RUA ESPÍRITO SANTO N°1000 - CENTRO

Ellen P"
427642,TCMGCTG0001,MGCTG03,Liberado,07/10/2026,RUA MONSENHOR JOAO RODRIGUES 107,BH,Rafael Porto Alves da Cruz,"""Após a aprovação do chamado em nosso sistema o técnico deverá baixar o APP em seu celular.
NOME DO APLICATIVO: MASTER LOCK VAULT ENTERPRISE:
•	Após acesso liberado via acesites e cadastro interno do sistema o técnico receberá um e-mail (noreply@masterlockvault.com) com uma senha provisória.
•	No primeiro acesso deverão ser preenchidos os campos a seguir:
•	ORGANIZATION ID: TORRESDOBRASIL
•	EMAIL: Preencher e-mail cadastrado em nosso sistema Acesites
•	PASSWORD: Senha provisória recebida no e-mail (Verificar Lixo Eletrônico).
•	Configurar o celular para permitir o aplicativo utilizar a localização do aparelho durante o uso do APP (Configuração varia de acordo com o modelo do celular)

Após baixar o APP entrar em contato com o NOC TBSA para dar entrada ao site:
NOC (21) 2391 9487
Maria Eduarda R."
428024,TCMGRPD0001,MGRPD01,Liberado,17/10/2026,RUA MORAIS CARVALHO 530,LESTE,Paulo De Freitas Pereira,"""Após a aprovação do chamado em nosso sistema o técnico deverá baixar o APP em seu celular.
NOME DO APLICATIVO: MASTER LOCK VAULT ENTERPRISE:
•	Após acesso liberado via acesites e cadastro interno do sistema o técnico receberá um e-mail (noreply@masterlockvault.com) com uma senha provisória.
•	No primeiro acesso deverão ser preenchidos os campos a seguir:
•	ORGANIZATION ID: TORRESDOBRASIL
•	EMAIL: Preencher e-mail cadastrado em nosso sistema Acesites
•	PASSWORD: Senha provisória recebida no e-mail (Verificar Lixo Eletrônico).
•	Configurar o celular para permitir o aplicativo utilizar a localização do aparelho durante o uso do APP (Configuração varia de acordo com o modelo do celular)

Após baixar o APP entrar em contato com o NOC TBSA para dar entrada ao site:
NOC (21) 2391 9487""

Melissa Sato"
417108,TCMGPOU0002,MGPOA08,Liberado,22/09/2026,RUA NAIR FRANCO SN,SUL,Adriano Francisco de Paula,"Após a aprovação do chamado em nosso sistema o técnico deverá baixar o APP em seu celular.
NOME DO APLICATIVO: MASTER LOCK VAULT ENTERPRISE:
•	Após acesso liberado via acesites e cadastro interno do sistema o técnico receberá um e-mail (noreply@masterlockvault.com) com uma senha provisória.
•	No primeiro acesso deverão ser preenchidos os campos a seguir:
•	ORGANIZATION ID: TORRESDOBRASIL
•	EMAIL: Preencher e-mail cadastrado em nosso sistema Acesites
•	PASSWORD: Senha provisória recebida no e-mail (Verificar Lixo Eletrônico).
•	Configurar o celular para permitir o aplicativo utilizar a localização do aparelho durante o uso do APP (Configuração varia de acordo com o modelo do celular)

Após baixar o APP entrar em contato com o NOC TBSA para dar entrada ao site:
NOC (21) 2391 9487


Thais Fernandes"
427684,TEMGBET0004,MGBET05,Liberado,07/10/2026,RUA NALZIRA BATISTA- 216-,BH,Renato Parreiras,"Carta encaminhada ao local.
“Para os acessos da Regional MG, foi realizada uma reunião com a Claro e ficou definido que, para os sites do portfólio TBSA, será necessária apenas a apresentação do chamado do sistema Acesites na Central da Claro para retirada das chaves. Para isso, deverá ser encaminhado um e-mail para Vanessa (vanessa.barros.terceiros@siteslatam.com.br), solicitando o formulário para preenchimento e liberação das chaves.
Observações:
A atividade deve estar aprovada e vigente no sistema.
O nome do colaborador deve constar na lista de autorização.
O endereço para retirada das chaves será encaminhado pelo responsável da Central via e-mail.”

Deborah Perotti"
417087,TCMGIYM0001,MGIYM01,Liberado,22/09/2026,RUA NASTRAL NASSUR- SN,SUL,Adriano Francisco de Paula,"Para os acessos da Regional de MG, foi realizado uma reunião com a Claro e para os sites PORTFOLIO TBSA será necessário apresentação apenas do chamado do sistema Acesites na Central da Claro para retirada de chaves.
 
Encaminhar o formulário via e-mail SUPNOC por e-mail para encaminharmos para Claro.
 
Obs.: Atividade precisa estar aprovada, vigente e o nome do colaborador na lista.
 
ENDEREÇO DA CENTRAL DOS SITES em MG: RUA ESPÍRITO SANTO N°1000 - CENTRO""

Ellen P"
427959,TCMGMCL0006,MGMCL16,Liberado,17/10/2026,RUA NATAL 910 SN,NORTE,Paulo De Freitas Pereira,"Após a aprovação do chamado em nosso sistema o técnico deverá baixar o APP em seu celular.
NOME DO APLICATIVO: MASTER LOCK VAULT ENTERPRISE:
•	Após acesso liberado via acesites e cadastro interno do sistema o técnico receberá um e-mail (noreply@masterlockvault.com) com uma senha provisória.
•	No primeiro acesso deverão ser preenchidos os campos a seguir:
•	ORGANIZATION ID: TORRESDOBRASIL
•	EMAIL: Preencher e-mail cadastrado em nosso sistema Acesites
•	PASSWORD: Senha provisória recebida no e-mail (Verificar Lixo Eletrônico).
•	Configurar o celular para permitir o aplicativo utilizar a localização do aparelho durante o uso do APP (Configuração varia de acordo com o modelo do celular)
Após baixar o APP entrar em contato com o NOC TBSA para dar entrada ao site:
NOC (21) 2391 9487

Deborah Perotti"
417044,TCMGCGR0001,MGCGR01,Liberado,22/09/2026,RUA NOSSA SRA DE FATIMA- SN,SUL,Adriano Francisco de Paula,"""Para os acessos da Regional de MG, foi realizado uma reunião com a Claro e para os sites PORTFOLIO TBSA será necessário apresentação apenas do chamado do sistema Acesites na Central da Claro para retirada de chaves.
 
Encaminhar o formulário via e-mail SUPNOC por e-mail para encaminharmos para Claro.
 
Obs.: Atividade precisa estar aprovada, vigente e o nome do colaborador na lista.
 
ENDEREÇO DA CENTRAL DOS SITES em MG: RUA ESPÍRITO SANTO N°1000 - CENTRO""

Maria Eduarda"
417042,TCMGCDC0001,MGCDC01,Liberado,22/09/2026,RUA OLIMPIO VERGULINO DE SOUZA- SN,SUL,Adriano Francisco de Paula,"""Para os acessos da Regional de MG, foi realizado uma reunião com a Claro e para os sites PORTFOLIO TBSA será necessário apresentação apenas do chamado do sistema Acesites na Central da Claro para retirada de chaves.
 
Encaminhar o formulário via e-mail SUPNOC por e-mail para encaminharmos para Claro.
 
Obs.: Atividade precisa estar aprovada, vigente e o nome do colaborador na lista.
 
ENDEREÇO DA CENTRAL DOS SITES em MG: RUA ESPÍRITO SANTO N°1000 - CENTRO""
Maria Eduarda"
417012,TCMGADL0001,MGADL01,Liberado,22/09/2026,RUA OLIVEIRA MAFRA- 87,SUL,Adriano Francisco de Paula,"""Para os acessos da Regional de MG, foi realizado uma reunião com a Claro e para os sites PORTFOLIO TBSA será necessário apresentação apenas do chamado do sistema Acesites na Central da Claro para retirada de chaves.
 
Encaminhar o formulário via e-mail SUPNOC por e-mail para encaminharmos para Claro.
 
Obs.: Atividade precisa estar aprovada, vigente e o nome do colaborador na lista.
 
ENDEREÇO DA CENTRAL DOS SITES em MG: RUA ESPÍRITO SANTO N°1000 - CENTRO""
Maria Eduarda"
427646,TCMGCTG0005,MGCTG20,Liberado,07/10/2026,RUA OTILIA COSTA PERES 438,BH,Rafael Porto Alves da Cruz,"""Após a aprovação do chamado em nosso sistema o técnico deverá baixar o APP em seu celular.
NOME DO APLICATIVO: MASTER LOCK VAULT ENTERPRISE:
•	Após acesso liberado via acesites e cadastro interno do sistema o técnico receberá um e-mail (noreply@masterlockvault.com) com uma senha provisória.
•	No primeiro acesso deverão ser preenchidos os campos a seguir:
•	ORGANIZATION ID: TORRESDOBRASIL
•	EMAIL: Preencher e-mail cadastrado em nosso sistema Acesites
•	PASSWORD: Senha provisória recebida no e-mail (Verificar Lixo Eletrônico).
•	Configurar o celular para permitir o aplicativo utilizar a localização do aparelho durante o uso do APP (Configuração varia de acordo com o modelo do celular)

Após baixar o APP entrar em contato com o NOC TBSA para dar entrada ao site:
NOC (21) 2391 9487""
Maria Eduarda R."
427903,TCMGCVL0001,MGCVL01,Liberado,01/12/2026,RUA PACIFICO MASCARENHAS 86,METROPOLITANO,Leandro de Menezes Assunção,"Carta encaminhada ao local.
Problemas de acesso, acionar o NOC TBSA 21 2391-9487 (wpp/lig) com os técnicos no local para tratarmos pontualmente.
Melissa Sato"
428087,TCMGMTP0003,MGMTP04,Liberado,17/11/2026,RUA PALESTINA MUNIZ PEREIRA- SN,LESTE,Paulo De Freitas Pereira,"""“Para os acessos da Regional MG, foi realizada uma reunião com a Claro e ficou definido que, para os sites do portfólio TBSA, será necessária apenas a apresentação do chamado do sistema Acesites na Central da Claro para retirada das chaves. Para isso, deverá ser encaminhado um e-mail para Vanessa (vanessa.barros.terceiros@siteslatam.com.br), solicitando o formulário para preenchimento e liberação das chaves.
Observações:
A atividade deve estar aprovada e vigente no sistema.
O nome do colaborador deve constar na lista de autorização.
O endereço para retirada das chaves será encaminhado pelo responsável da Central via e-mail.”""

Melissa Sato"
427963,TCMGMCL0012,MGMCL24,Liberado,17/10/2026,RUA PALMARES SN,NORTE,Paulo De Freitas Pereira,"Após a aprovação do chamado em nosso sistema o técnico deverá baixar o APP em seu celular.
NOME DO APLICATIVO: MASTER LOCK VAULT ENTERPRISE:
•	Após acesso liberado via acesites e cadastro interno do sistema o técnico receberá um e-mail (noreply@masterlockvault.com) com uma senha provisória.
•	No primeiro acesso deverão ser preenchidos os campos a seguir:
•	ORGANIZATION ID: TORRESDOBRASIL
•	EMAIL: Preencher e-mail cadastrado em nosso sistema Acesites
•	PASSWORD: Senha provisória recebida no e-mail (Verificar Lixo Eletrônico).
•	Configurar o celular para permitir o aplicativo utilizar a localização do aparelho durante o uso do APP (Configuração varia de acordo com o modelo do celular)
Após baixar o APP entrar em contato com o NOC TBSA para dar entrada ao site:
NOC (21) 2391 9487

Deborah Perotti"
427711,TCMGDIV0006,MGDIV09,Aguardando Aprovação,07/10/2026,RUA PARA 296,METROPOLITANO,Leandro de Menezes Assunção,
427685,TEMGBET0005,MGBET21,Liberado,07/10/2026,RUA PARACATU 262,BH,Renato Parreiras,"""Após a aprovação do chamado em nosso sistema o técnico deverá baixar o APP em seu celular.
NOME DO APLICATIVO: MASTER LOCK VAULT ENTERPRISE:
•	Após acesso liberado via acesites e cadastro interno do sistema o técnico receberá um e-mail (noreply@masterlockvault.com) com uma senha provisória.
•	No primeiro acesso deverão ser preenchidos os campos a seguir:
•	ORGANIZATION ID: TORRESDOBRASIL
•	EMAIL: Preencher e-mail cadastrado em nosso sistema Acesites
•	PASSWORD: Senha provisória recebida no e-mail (Verificar Lixo Eletrônico).
•	Configurar o celular para permitir o aplicativo utilizar a localização do aparelho durante o uso do APP (Configuração varia de acordo com o modelo do celular)

Após baixar o APP entrar em contato com o NOC TBSA para dar entrada ao site:
NOC (21) 2391 9487""
Maria Eduarda R."
427931,TCMGPRT0001,MGPRT01,Liberado,18/10/2026,RUA PARANA SN,OESTE,Arthur Gomes de Paulo,"Após a aprovação do chamado em nosso sistema o técnico deverá baixar o APP em seu celular.
NOME DO APLICATIVO: MASTER LOCK VAULT ENTERPRISE:
•	Após acesso liberado via acesites e cadastro interno do sistema o técnico receberá um e-mail (noreply@masterlockvault.com) com uma senha provisória.
•	No primeiro acesso deverão ser preenchidos os campos a seguir:
•	ORGANIZATION ID: TORRESDOBRASIL
•	EMAIL: Preencher e-mail cadastrado em nosso sistema Acesites
•	PASSWORD: Senha provisória recebida no e-mail (Verificar Lixo Eletrônico).
•	Configurar o celular para permitir o aplicativo utilizar a localização do aparelho durante o uso do APP (Configuração varia de acordo com o modelo do celular)
Após baixar o APP entrar em contato com o NOC TBSA para dar entrada ao site:
NOC (21) 2391 9487

Deborah Perotti"
427596,TCMGBHO0037,MGFTA12,Liberado,07/10/2026,RUA PATRIARCA 182,BH,Rafael Porto Alves da Cruz,"Carta encaminhada ao local.
Problemas de acesso, acionar o NOC TBSA 21 2391-9487 (wpp/lig) com os técnicos no local para tratarmos pontualmente.

Ellen P"
427603,TCMGBHO0045,MGPAM10,Liberado,07/10/2026,RUA PEDRINOPOLIS 320,BH,Rafael Porto Alves da Cruz,"Após a aprovação do chamado em nosso sistema o técnico deverá baixar o APP em seu celular.
NOME DO APLICATIVO: MASTER LOCK VAULT ENTERPRISE:
•	Após acesso liberado via acesites e cadastro interno do sistema o técnico receberá um e-mail (noreply@masterlockvault.com) com uma senha provisória.
•	No primeiro acesso deverão ser preenchidos os campos a seguir:
•	ORGANIZATION ID: TORRESDOBRASIL
•	EMAIL: Preencher e-mail cadastrado em nosso sistema Acesites
•	PASSWORD: Senha provisória recebida no e-mail (Verificar Lixo Eletrônico).
•	Configurar o celular para permitir o aplicativo utilizar a localização do aparelho durante o uso do APP (Configuração varia de acordo com o modelo do celular)

Após baixar o APP entrar em contato com o NOC TBSA para dar entrada ao site:
NOC (21) 2391 9487
Maria Eduarda R."
427916,TCMGCLS0001,MGCLS01,Liberado,18/10/2026,RUA PEDRO LIMA CHAGAS SN,OESTE,Arthur Gomes de Paulo,"Após a aprovação do chamado em nosso sistema o técnico deverá baixar o APP em seu celular.
NOME DO APLICATIVO: MASTER LOCK VAULT ENTERPRISE:
•	Após acesso liberado via acesites e cadastro interno do sistema o técnico receberá um e-mail (noreply@masterlockvault.com) com uma senha provisória.
•	No primeiro acesso deverão ser preenchidos os campos a seguir:
•	ORGANIZATION ID: TORRESDOBRASIL
•	EMAIL: Preencher e-mail cadastrado em nosso sistema Acesites
•	PASSWORD: Senha provisória recebida no e-mail (Verificar Lixo Eletrônico).
•	Configurar o celular para permitir o aplicativo utilizar a localização do aparelho durante o uso do APP (Configuração varia de acordo com o modelo do celular)
Após baixar o APP entrar em contato com o NOC TBSA para dar entrada ao site:
NOC (21) 2391 9487

Deborah Perotti"
427690,TEMGBHO0028,MGCEN41,Liberado,07/10/2026,RUA PERNAMBUCO 189,BH,Renato Parreiras,"Carta encaminhada ao local.
Problemas de acesso, acionar o NOC TBSA 21 2391-9487 (wpp/lig) com os técnicos no local para tratarmos pontualmente.
Melissa Sato"
427614,TCMGBHO0059,MGSAV18,Liberado,07/10/2026,RUA PIAUI- 1100,BH,Renato Parreiras,"Carta encaminhada ao local.
Problemas de acesso, acionar o NOC TBSA 21 2391-9487 (wpp/lig) com os técnicos no local para tratarmos pontualmente.

Maria Eduarda"
427593,TCMGBHO0034,MGDCA09,Liberado,07/10/2026,RUA PINTO MARTINS 355,BH,Rafael Porto Alves da Cruz,"Carta encaminhada ao local.
Problemas de acesso, acionar o NOC TBSA 21 2391-9487 (wpp/lig) com os técnicos no local para tratarmos pontualmente.

Ellen P"
427581,TCMGBHO0013,MGBRT14,Liberado,07/10/2026,RUA PINTOR GERALDO GONCALVES 120,BH,Renato Parreiras,"EDIFICIO RESIDENCIAL PIET MONDRIAN. O TELEFONE DO SR. WARLEY (SINDICO) PARA AGENDAR O DIA DA ATIVIDADE. O TECNICO QUE IR ATÉ O SITE TEM QUE LEVAR ESCADA PARA ACESSAR A ANTENA, POIS O MESMO SOBE ATÉ O 3º ANDAR E COLOCA A ESCADA PARA ACESSAR A ANTENA. NA PORTA: CHAMAR 201. SENHA PARA ACESSAR O CADEADO:  SEGREDO 3631 

Carta encaminhada ao local.
Problemas de acesso, acionar o NOC TBSA 21 2391-9487 (wpp/lig) com os técnicos no local para tratarmos pontualmente.

Ellen P"
428099,TTMGGVD0006,MGGVD41,Liberado,17/11/2026,"RUA PIRAPORA, 60, SANTA HELENA, CEP 35058220",LESTE,Paulo De Freitas Pereira,"CADEADO DE SEGREDO, SENHA 0006

Melissa Sato"
427955,TCMGBZO0001,MGBZO01,Liberado,17/10/2026,RUA POLONIA156,NORTE,Paulo De Freitas Pereira,"Após a aprovação do chamado em nosso sistema o técnico deverá baixar o APP em seu celular.
NOME DO APLICATIVO: MASTER LOCK VAULT ENTERPRISE:
•	Após acesso liberado via acesites e cadastro interno do sistema o técnico receberá um e-mail (noreply@masterlockvault.com) com uma senha provisória.
•	No primeiro acesso deverão ser preenchidos os campos a seguir:
•	ORGANIZATION ID: TORRESDOBRASIL
•	EMAIL: Preencher e-mail cadastrado em nosso sistema Acesites
•	PASSWORD: Senha provisória recebida no e-mail (Verificar Lixo Eletrônico).
•	Configurar o celular para permitir o aplicativo utilizar a localização do aparelho durante o uso do APP (Configuração varia de acordo com o modelo do celular)
Após baixar o APP entrar em contato com o NOC TBSA para dar entrada ao site:
NOC (21) 2391 9487

Deborah Perotti"
427583,TCMGBHO0017,MGCEN05,Liberado,07/10/2026,RUA POUSO ALEGRE- 180,BH,Rafael Porto Alves da Cruz,"Carta encaminhada ao local.
Problemas de acesso, acionar o NOC TBSA 21 2391-9487 (wpp) com os técnicos no local para tratarmos pontualmente.

Ellen P"
428078,TCMGMNH0003,MGMNH05,Liberado,17/11/2026,RUA PROF LEDA- SN,LESTE,Paulo De Freitas Pereira,"""“Para os acessos da Regional MG, foi realizada uma reunião com a Claro e ficou definido que, para os sites do portfólio TBSA, será necessária apenas a apresentação do chamado do sistema Acesites na Central da Claro para retirada das chaves. Para isso, deverá ser encaminhado um e-mail para Vanessa (vanessa.barros.terceiros@siteslatam.com.br), solicitando o formulário para preenchimento e liberação das chaves.
Observações:
A atividade deve estar aprovada e vigente no sistema.
O nome do colaborador deve constar na lista de autorização.
O endereço para retirada das chaves será encaminhado pelo responsável da Central via e-mail.”""

Melissa Sato"
417075,TCMGGXP0001,MGGXP02,Liberado,22/09/2026,RUA PROFESSOR ANTENOR DE CARVALHO- SN,SUL,Adriano Francisco de Paula,"""Para os acessos da Regional de MG, foi realizado uma reunião com a Claro e para os sites PORTFOLIO TBSA será necessário apresentação apenas do chamado do sistema Acesites na Central da Claro para retirada de chaves.
 
Encaminhar o formulário via e-mail SUPNOC por e-mail para encaminharmos para Claro.
 
Obs.: Atividade precisa estar aprovada, vigente e o nome do colaborador na lista.
 
ENDEREÇO DA CENTRAL DOS SITES em MG: RUA ESPÍRITO SANTO N°1000 - CENTRO"""
427610,TCMGBHO0054,MGSAV09,Liberado,07/10/2026,RUA PROFESSOR ANTONIO ALEIXO 798,BH,Renato Parreiras,"Carta encaminhada ao local.
Problemas de acesso, acionar o NOC TBSA 21 2391-9487 (wpp/lig) com os técnicos no local para tratarmos pontualmente.

Ellen P"
427589,TCMGBHO0027,MGCJA09,Liberado,07/10/2026,RUA PROFESSOR JOSE RENAULT- 277,BH,Renato Parreiras,"Direcionar os técnicos com a carta de liberação em mãos.
Problemas de acesso, acionar o NOC TBSA 21 2391-9487 (wpp/lig) com os técnicos no local para tratarmos pontualmente.

Ellen P"
427936,TCMGUBE0001,MGULA31,Liberado,18/10/2026,RUA PROFESSOR PEDRO BERNARDO- 156,OESTE,Arthur Gomes de Paulo,"Carta encaminhada ao local.
Problemas de acesso, acionar o NOC TBSA 21 2391-9487 (wpp/lig) com os técnicos no local para tratarmos pontualmente.
Melissa Sato"
417085,TCMGITN0001,MGITN01,Liberado,22/09/2026,RUA PROJETADA- 55,SUL,Adriano Francisco de Paula,"Para os acessos da Regional de MG, foi realizado uma reunião com a Claro e para os sites PORTFOLIO TBSA será necessário apresentação apenas do chamado do sistema Acesites na Central da Claro para retirada de chaves.
 
Encaminhar o formulário via e-mail SUPNOC por e-mail para encaminharmos para Claro.
 
Obs.: Atividade precisa estar aprovada, vigente e o nome do colaborador na lista.
 
ENDEREÇO DA CENTRAL DOS SITES em MG: RUA ESPÍRITO SANTO N°1000 - CENTRO.

Ellen P"
417063,TCMGELM0001,MGELM01,Liberado,22/09/2026,RUA QUINTINO BOCAIUVA- 447,SUL,Adriano Francisco de Paula,"""Para os acessos da Regional de MG, foi realizado uma reunião com a Claro e para os sites PORTFOLIO TBSA será necessário apresentação apenas do chamado do sistema Acesites na Central da Claro para retirada de chaves.
 
Encaminhar o formulário via e-mail SUPNOC por e-mail para encaminharmos para Claro.
 
Obs.: Atividade precisa estar aprovada, vigente e o nome do colaborador na lista.
 
ENDEREÇO DA CENTRAL DOS SITES em MG: RUA ESPÍRITO SANTO N°1000 - CENTRO""

Maria Eduarda"
427933,TCMGSAC0001,MGSAC02,Liberado,18/10/2026,RUA QUINTO CERCHI SN,OESTE,Arthur Gomes de Paulo,"SEGREDO 3631

Após a aprovação do chamado em nosso sistema o técnico deverá baixar o APP em seu celular.
NOME DO APLICATIVO: MASTER LOCK VAULT ENTERPRISE:
•	Após acesso liberado via acesites e cadastro interno do sistema o técnico receberá um e-mail (noreply@masterlockvault.com) com uma senha provisória.
•	No primeiro acesso deverão ser preenchidos os campos a seguir:
•	ORGANIZATION ID: TORRESDOBRASIL
•	EMAIL: Preencher e-mail cadastrado em nosso sistema Acesites
•	PASSWORD: Senha provisória recebida no e-mail (Verificar Lixo Eletrônico).
•	Configurar o celular para permitir o aplicativo utilizar a localização do aparelho durante o uso do APP (Configuração varia de acordo com o modelo do celular)
Após baixar o APP entrar em contato com o NOC TBSA para dar entrada ao site:
NOC (21) 2391 9487

Deborah Perotti"
427954,TCMGBSM0001,MGBSM01,Liberado,17/10/2026,RUA R   LOTE 463- SN,NORTE,Paulo De Freitas Pereira,"“Para os acessos da Regional MG, foi realizada uma reunião com a Claro e ficou definido que, para os sites do portfólio TBSA, será necessária apenas a apresentação do chamado do sistema Acesites na Central da Claro para retirada das chaves. Para isso, deverá ser encaminhado um e-mail para Vanessa (vanessa.barros.terceiros@siteslatam.com.br), solicitando o formulário para preenchimento e liberação das chaves.
Observações:
A atividade deve estar aprovada e vigente no sistema.
O nome do colaborador deve constar na lista de autorização.
O endereço para retirada das chaves será encaminhado pelo responsável da Central via e-mail.”


Deborah Perotti"
428064,TCMGGVD0008,MGGVD14,Liberado,17/11/2026,RUA RANULFO ALVES 1069,LESTE,Paulo De Freitas Pereira,"""Após a aprovação do chamado em nosso sistema o técnico deverá baixar o APP em seu celular.
NOME DO APLICATIVO: MASTER LOCK VAULT ENTERPRISE:
•	Após acesso liberado via acesites e cadastro interno do sistema o técnico receberá um e-mail (noreply@masterlockvault.com) com uma senha provisória.
•	No primeiro acesso deverão ser preenchidos os campos a seguir:
•	ORGANIZATION ID: TORRESDOBRASIL
•	EMAIL: Preencher e-mail cadastrado em nosso sistema Acesites
•	PASSWORD: Senha provisória recebida no e-mail (Verificar Lixo Eletrônico).
•	Configurar o celular para permitir o aplicativo utilizar a localização do aparelho durante o uso do APP (Configuração varia de acordo com o modelo do celular)

Após baixar o APP entrar em contato com o NOC TBSA para dar entrada ao site:
NOC (21) 2391 9487""

Melissa Sato"
427590,TCMGBHO0031,MGCNO09,Liberado,07/10/2026,RUA REGINO GONZAGA SILVA- 131,BH,Rafael Porto Alves da Cruz,"“Para os acessos da Regional MG, foi realizada uma reunião com a Claro e ficou definido que, para os sites do portfólio TBSA, será necessária apenas a apresentação do chamado do sistema Acesites na Central da Claro para retirada das chaves. Para isso, deverá ser encaminhado um e-mail para Vanessa (vanessa.barros.terceiros@siteslatam.com.br), solicitando o formulário para preenchimento e liberação das chaves.
Observações:
A atividade deve estar aprovada e vigente no sistema.
O nome do colaborador deve constar na lista de autorização.
O endereço para retirada das chaves será encaminhado pelo responsável da Central via e-mail.”
Maria Eduarda R."
427620,TCMGBHO0063,MGBEL23,Liberado,07/10/2026,RUA RODRIGO OTAVIO COUTINHO- 50,BH,Renato Parreiras,"Carta encaminhada ao local.
Problemas de acesso, acionar o NOC TBSA 21 2391-9487 (wpp/lig) com os técnicos no local para tratarmos pontualmente.

Maria Eduarda"
427651,TCMGCTG0009,MGCTG31,Liberado,07/10/2026,RUA RODRIGUES DA CUNHA 768,BH,Rafael Porto Alves da Cruz,"Carta encaminhada ao local.
Problemas de acesso, acionar o NOC TBSA 21 2391-9487 (wpp/lig) com os técnicos no local para tratarmos pontualmente.

Maria Eduarda"
427645,TCMGCTG0004,MGCTG16,Liberado,07/10/2026,RUA SAGITARIO,BH,Renato Parreiras,"Após a aprovação do chamado em nosso sistema o técnico deverá baixar o APP em seu celular.
NOME DO APLICATIVO: MASTER LOCK VAULT ENTERPRISE:
•	Após acesso liberado via acesites e cadastro interno do sistema o técnico receberá um e-mail (noreply@masterlockvault.com) com uma senha provisória.
•	No primeiro acesso deverão ser preenchidos os campos a seguir:
•	ORGANIZATION ID: TORRESDOBRASIL 
•	EMAIL: Preencher e-mail cadastrado em nosso sistema Acesites
•	PASSWORD: Senha provisória recebida no e-mail (Verificar Lixo Eletrônico).
•	Configurar o celular para permitir o aplicativo utilizar a localização do aparelho durante o uso do APP (Configuração varia de acordo com o modelo do celular)

Após baixar o APP entrar em contato com o NOC TBSA para dar entrada ao site:
NOC (21) 2391 9487
Maria Eduarda R."
427703,TCMGCMM0001,MGCMM01,Aguardando Aprovação,07/10/2026,RUA SANTA MARIA SN,METROPOLITANO,Leandro de Menezes Assunção,
427714,TCMGDIV0009,MGDIV13,Aguardando Aprovação,07/10/2026,RUA SANTIAGO SN,METROPOLITANO,Leandro de Menezes Assunção,
427914,TCMGARX0006,MGARX07,Liberado,18/10/2026,RUA SANTO ANTONIO LOTE 09  QD 1 1031,OESTE,Arthur Gomes de Paulo,"Após a aprovação do chamado em nosso sistema o técnico deverá baixar o APP em seu celular.
NOME DO APLICATIVO: MASTER LOCK VAULT ENTERPRISE:
•	Após acesso liberado via acesites e cadastro interno do sistema o técnico receberá um e-mail (noreply@masterlockvault.com) com uma senha provisória.
•	No primeiro acesso deverão ser preenchidos os campos a seguir:
•	ORGANIZATION ID: TORRESDOBRASIL
•	EMAIL: Preencher e-mail cadastrado em nosso sistema Acesites
•	PASSWORD: Senha provisória recebida no e-mail (Verificar Lixo Eletrônico).
•	Configurar o celular para permitir o aplicativo utilizar a localização do aparelho durante o uso do APP (Configuração varia de acordo com o modelo do celular)
Após baixar o APP entrar em contato com o NOC TBSA para dar entrada ao site:
NOC (21) 2391 9487

Deborah Perotti"
428016,TCMGMED0002,MGMED02,Liberado,17/10/2026,RUA SAO JOAO GRANDE- SN,LESTE,Paulo De Freitas Pereira,"""“Para os acessos da Regional MG, foi realizada uma reunião com a Claro e ficou definido que, para os sites do portfólio TBSA, será necessária apenas a apresentação do chamado do sistema Acesites na Central da Claro para retirada das chaves. Para isso, deverá ser encaminhado um e-mail para Vanessa (vanessa.barros.terceiros@siteslatam.com.br), solicitando o formulário para preenchimento e liberação das chaves.
Observações:
A atividade deve estar aprovada e vigente no sistema.
O nome do colaborador deve constar na lista de autorização.
O endereço para retirada das chaves será encaminhado pelo responsável da Central via e-mail.”""

Melissa Sato"
428021,TCMGPRQ0001,MGPRQR2,Liberado,17/10/2026,RUA SAO LUIZ 195,LESTE,Paulo De Freitas Pereira,"""Após a aprovação do chamado em nosso sistema o técnico deverá baixar o APP em seu celular.
NOME DO APLICATIVO: MASTER LOCK VAULT ENTERPRISE:
•	Após acesso liberado via acesites e cadastro interno do sistema o técnico receberá um e-mail (noreply@masterlockvault.com) com uma senha provisória.
•	No primeiro acesso deverão ser preenchidos os campos a seguir:
•	ORGANIZATION ID: TORRESDOBRASIL
•	EMAIL: Preencher e-mail cadastrado em nosso sistema Acesites
•	PASSWORD: Senha provisória recebida no e-mail (Verificar Lixo Eletrônico).
•	Configurar o celular para permitir o aplicativo utilizar a localização do aparelho durante o uso do APP (Configuração varia de acordo com o modelo do celular)

Após baixar o APP entrar em contato com o NOC TBSA para dar entrada ao site:
NOC (21) 2391 9487""

Melissa Sato"
427687,TEMGBET0007,MGBET23,Aguardando Aprovação,07/10/2026,RUA SAO MIGUEL 15,BH,Renato Parreiras,
427994,TTMGJNB0002,MGJNB07,Liberado,17/11/2026,RUA SAO MIGUEL N 716 SAO LUCAS JANAUBA MG,NORTE,Paulo De Freitas Pereira,"SEGREDO: 0002

Melissa Sato"
427682,TCMGSLZ0001,MGSLZ05,Liberado,07/10/2026,RUA SAO PAULO 542,BH,Rafael Porto Alves da Cruz,"Após a aprovação do chamado em nosso sistema o técnico deverá baixar o APP em seu celular.
NOME DO APLICATIVO: MASTER LOCK VAULT ENTERPRISE:
•	Após acesso liberado via acesites e cadastro interno do sistema o técnico receberá um e-mail (noreply@masterlockvault.com) com uma senha provisória.
•	No primeiro acesso deverão ser preenchidos os campos a seguir:
•	ORGANIZATION ID: TORRESDOBRASIL
•	EMAIL: Preencher e-mail cadastrado em nosso sistema Acesites
•	PASSWORD: Senha provisória recebida no e-mail (Verificar Lixo Eletrônico).
•	Configurar o celular para permitir o aplicativo utilizar a localização do aparelho durante o uso do APP (Configuração varia de acordo com o modelo do celular)
Após baixar o APP entrar em contato com o NOC TBSA para dar entrada ao site:
NOC (21) 2391 9487

Deborah Perotti"
428008,TCMGCCH0001,MGCCH01,Liberado,17/10/2026,RUA SAO PAULO 601,LESTE,Paulo De Freitas Pereira,"SEGREDO: 0001

Melissa Sato"
427607,TCMGBHO0052,MGSAV04,Liberado,07/10/2026,RUA SAO PAULO- 2207,BH,Renato Parreiras,"Direcionar os técnicos com a carta de liberação em mãos.
Problemas de acesso, acionar o NOC TBSA 21 2391-9487 (wpp/lig) com os técnicos no local para tratarmos pontualmente.

Ellen P"
417055,TCMGCPT0002,MGCPTR1,Liberado,22/09/2026,RUA SAO SEBASTIAO- 200,SUL,Adriano Francisco de Paula,"Para os acessos da Regional de MG, foi realizado uma reunião com a Claro e para os sites PORTFOLIO TBSA será necessário apresentação apenas do chamado do sistema Acesites na Central da Claro para retirada de chaves.
 
Encaminhar o formulário via e-mail SUPNOC por e-mail para encaminharmos para Claro.
 
Obs.: Atividade precisa estar aprovada, vigente e o nome do colaborador na lista.
 
ENDEREÇO DA CENTRAL DOS SITES em MG: RUA ESPÍRITO SANTO N°1000 - CENTRO

Maria Eduarda"
427582,TCMGBHO0015,MGCEN03,Liberado,07/10/2026,RUA SAPUCAI 445,BH,Rafael Porto Alves da Cruz,"LEVAR LISTA EM MÃOS.

Carta encaminhada ao local.
Problemas de acesso, acionar o NOC TBSA 21 2391-9487 (wpp) com os técnicos no local para tratarmos pontualmente.

Ellen P"
428065,TCMGGVD0009,MGGVD16,Liberado,17/11/2026,RUA SEBASTIAO R DA CUNHA SN,LESTE,Paulo De Freitas Pereira,"""Após a aprovação do chamado em nosso sistema o técnico deverá baixar o APP em seu celular.
NOME DO APLICATIVO: MASTER LOCK VAULT ENTERPRISE:
•	Após acesso liberado via acesites e cadastro interno do sistema o técnico receberá um e-mail (noreply@masterlockvault.com) com uma senha provisória.
•	No primeiro acesso deverão ser preenchidos os campos a seguir:
•	ORGANIZATION ID: TORRESDOBRASIL
•	EMAIL: Preencher e-mail cadastrado em nosso sistema Acesites
•	PASSWORD: Senha provisória recebida no e-mail (Verificar Lixo Eletrônico).
•	Configurar o celular para permitir o aplicativo utilizar a localização do aparelho durante o uso do APP (Configuração varia de acordo com o modelo do celular)

Após baixar o APP entrar em contato com o NOC TBSA para dar entrada ao site:
NOC (21) 2391 9487""

Melissa Sato"
428092,TCMGPAD0002,MGPPA02,Liberado,17/11/2026,RUA SEM DENOMINACAO SN,LESTE,Paulo De Freitas Pereira,"SEGREDO: 0002

Melissa Sato"
427918,TCMGCQT0001,MGCQT01,Liberado,18/10/2026,RUA SERGIO MARQUES SN,OESTE,Arthur Gomes de Paulo,"Após a aprovação do chamado em nosso sistema o técnico deverá baixar o APP em seu celular.
NOME DO APLICATIVO: MASTER LOCK VAULT ENTERPRISE:
•	Após acesso liberado via acesites e cadastro interno do sistema o técnico receberá um e-mail (noreply@masterlockvault.com) com uma senha provisória.
•	No primeiro acesso deverão ser preenchidos os campos a seguir:
•	ORGANIZATION ID: TORRESDOBRASIL
•	EMAIL: Preencher e-mail cadastrado em nosso sistema Acesites
•	PASSWORD: Senha provisória recebida no e-mail (Verificar Lixo Eletrônico).
•	Configurar o celular para permitir o aplicativo utilizar a localização do aparelho durante o uso do APP (Configuração varia de acordo com o modelo do celular)
Após baixar o APP entrar em contato com o NOC TBSA para dar entrada ao site:
NOC (21) 2391 9487

Deborah Perotti"
427598,TCMGBHO0040,MGFTA24,Liberado,07/10/2026,RUA SERRAVITE- 92,BH,Rafael Porto Alves da Cruz,"Direcionar os técnicos com a carta de liberação em mãos.
Problemas de acesso, acionar o NOC TBSA 21 2391-9487 (wpp/lig) com os técnicos no local para tratarmos pontualmente.

Ellen P"
427649,TCMGCTG0007,MGCTG22,Liberado,07/10/2026,RUA SETE 382,BH,Rafael Porto Alves da Cruz,"""Após a aprovação do chamado em nosso sistema o técnico deverá baixar o APP em seu celular.
NOME DO APLICATIVO: MASTER LOCK VAULT ENTERPRISE:
•	Após acesso liberado via acesites e cadastro interno do sistema o técnico receberá um e-mail (noreply@masterlockvault.com) com uma senha provisória.
•	No primeiro acesso deverão ser preenchidos os campos a seguir:
•	ORGANIZATION ID: TORRESDOBRASIL 
•	EMAIL: Preencher e-mail cadastrado em nosso sistema Acesites
•	PASSWORD: Senha provisória recebida no e-mail (Verificar Lixo Eletrônico).
•	Configurar o celular para permitir o aplicativo utilizar a localização do aparelho durante o uso do APP (Configuração varia de acordo com o modelo do celular)

Após baixar o APP entrar em contato com o NOC TBSA para dar entrada ao site:
NOC (21) 2391 9487""

Maria Eduarda R."
428015,TCMGMED0001,MGMED01,Liberado,17/10/2026,RUA SETE DE SETEMBRO- SN,LESTE,Paulo De Freitas Pereira,"""“Para os acessos da Regional MG, foi realizada uma reunião com a Claro e ficou definido que, para os sites do portfólio TBSA, será necessária apenas a apresentação do chamado do sistema Acesites na Central da Claro para retirada das chaves. Para isso, deverá ser encaminhado um e-mail para Vanessa (vanessa.barros.terceiros@siteslatam.com.br), solicitando o formulário para preenchimento e liberação das chaves.
Observações:
A atividade deve estar aprovada e vigente no sistema.
O nome do colaborador deve constar na lista de autorização.
O endereço para retirada das chaves será encaminhado pelo responsável da Central via e-mail.”""

Melissa Sato"
427942,TCMGUBE0007,MGULA19,Liberado,18/10/2026,RUA SEVILHA SN,OESTE,Arthur Gomes de Paulo,"Após a aprovação do chamado em nosso sistema o técnico deverá baixar o APP em seu celular.
NOME DO APLICATIVO: MASTER LOCK VAULT ENTERPRISE:
•	Após acesso liberado via acesites e cadastro interno do sistema o técnico receberá um e-mail (noreply@masterlockvault.com) com uma senha provisória.
•	No primeiro acesso deverão ser preenchidos os campos a seguir:
•	ORGANIZATION ID: TORRESDOBRASIL
•	EMAIL: Preencher e-mail cadastrado em nosso sistema Acesites
•	PASSWORD: Senha provisória recebida no e-mail (Verificar Lixo Eletrônico).
•	Configurar o celular para permitir o aplicativo utilizar a localização do aparelho durante o uso do APP (Configuração varia de acordo com o modelo do celular)
Após baixar o APP entrar em contato com o NOC TBSA para dar entrada ao site:
NOC (21) 2391 9487

Deborah Perotti"
417035,TCMGCAM0001,MGCAM01,Liberado,22/09/2026,RUA TERESINA DE JESUS VARGAS- SN,SUL,Adriano Francisco de Paula,"""Para os acessos da Regional de MG, foi realizado uma reunião com a Claro e para os sites PORTFOLIO TBSA será necessário apresentação apenas do chamado do sistema Acesites na Central da Claro para retirada de chaves.
 
Encaminhar o formulário via e-mail SUPNOC por e-mail para encaminharmos para Claro.
 
Obs.: Atividade precisa estar aprovada, vigente e o nome do colaborador na lista.
 
ENDEREÇO DA CENTRAL DOS SITES em MG: RUA ESPÍRITO SANTO N°1000 - CENTRO""
Maria Eduarda"
425313,TCMGBHO0016,MGCEN04,Liberado,15/10/2026,RUA TIMBIRAS 3156,BH,Renato Parreiras,"Carta encaminhada ao local.
Problemas de acesso, acionar o NOC TBSA 21 2391-9487 (wpp) com os técnicos no local para tratarmos pontualmente.



Thais Fernandes"
427761,TCMGNVU0001,MGNVU01,Aguardando Aprovação,07/10/2026,RUA TIRADENTES 146,METROPOLITANO,Arthur Santos de Oliveira,
427643,TCMGCTG0002,MGCTG05,Liberado,07/10/2026,RUA TOMAS JEFFERSON SN,BH,Rafael Porto Alves da Cruz,"Após a aprovação do chamado em nosso sistema o técnico deverá baixar o APP em seu celular.
NOME DO APLICATIVO: MASTER LOCK VAULT ENTERPRISE:
•	Após acesso liberado via acesites e cadastro interno do sistema o técnico receberá um e-mail (noreply@masterlockvault.com) com uma senha provisória.
•	No primeiro acesso deverão ser preenchidos os campos a seguir:
•	ORGANIZATION ID: TORRESDOBRASIL
•	EMAIL: Preencher e-mail cadastrado em nosso sistema Acesites
•	PASSWORD: Senha provisória recebida no e-mail (Verificar Lixo Eletrônico).
•	Configurar o celular para permitir o aplicativo utilizar a localização do aparelho durante o uso do APP (Configuração varia de acordo com o modelo do celular)
Após baixar o APP entrar em contato com o NOC TBSA para dar entrada ao site:
NOC (21) 2391 9487
Maria Eduarda R."
417047,TCMGCMN0001,MGCMN01,Liberado,22/09/2026,RUA TONICO DE MOURA- 126,SUL,Adriano Francisco de Paula,"""Para os acessos da Regional de MG, foi realizado uma reunião com a Claro e para os sites PORTFOLIO TBSA será necessário apresentação apenas do chamado do sistema Acesites na Central da Claro para retirada de chaves.
 
Encaminhar o formulário via e-mail SUPNOC por e-mail para encaminharmos para Claro.
 
Obs.: Atividade precisa estar aprovada, vigente e o nome do colaborador na lista.
 
ENDEREÇO DA CENTRAL DOS SITES em MG: RUA ESPÍRITO SANTO N°1000 - CENTRO""
Maria Eduarda"
427691,TEMGBHO0033,MGDCA28,Aguardando Aprovação,07/10/2026,RUA TRÊS CORAÇÕES-  300-,BH,Renato Parreiras,
427969,TEMGMCL0004,MGMCL15,Liberado,17/10/2026,RUA TRÊS- 95  / LT 01- QD 03-,NORTE,Paulo De Freitas Pereira,"“Para os acessos da Regional MG, foi realizada uma reunião com a Claro e ficou definido que, para os sites do portfólio TBSA, será necessária apenas a apresentação do chamado do sistema Acesites na Central da Claro para retirada das chaves. Para isso, deverá ser encaminhado um e-mail para Vanessa (vanessa.barros.terceiros@siteslatam.com.br), solicitando o formulário para preenchimento e liberação das chaves.
Observações:
A atividade deve estar aprovada e vigente no sistema.
O nome do colaborador deve constar na lista de autorização.
O endereço para retirada das chaves será encaminhado pelo responsável da Central via e-mail.”


Deborah Perotti"
427934,TCMGSSA0001,MGSSA01,Liberado,18/10/2026,RUA TUPINAMBAS SN,OESTE,Arthur Gomes de Paulo,"Após a aprovação do chamado em nosso sistema o técnico deverá baixar o APP em seu celular.
NOME DO APLICATIVO: MASTER LOCK VAULT ENTERPRISE:
•	Após acesso liberado via acesites e cadastro interno do sistema o técnico receberá um e-mail (noreply@masterlockvault.com) com uma senha provisória.
•	No primeiro acesso deverão ser preenchidos os campos a seguir:
•	ORGANIZATION ID: TORRESDOBRASIL
•	EMAIL: Preencher e-mail cadastrado em nosso sistema Acesites
•	PASSWORD: Senha provisória recebida no e-mail (Verificar Lixo Eletrônico).
•	Configurar o celular para permitir o aplicativo utilizar a localização do aparelho durante o uso do APP (Configuração varia de acordo com o modelo do celular)
Após baixar o APP entrar em contato com o NOC TBSA para dar entrada ao site:
NOC (21) 2391 9487

Deborah Perotti"
427591,TCMGBHO0032,MGDCA01,Liberado,07/10/2026,RUA TURQUEZA 448,BH,Renato Parreiras,"Carta encaminhada ao local.
Problemas de acesso, acionar o NOC TBSA 21 2391-9487 (wpp) com os técnicos no local para tratarmos pontualmente.

Ellen P"
428060,TCMGGVD0004,MGGVD08,Liberado,17/11/2026,RUA VALE FORMOSO 755,LESTE,Paulo De Freitas Pereira,"""Após a aprovação do chamado em nosso sistema o técnico deverá baixar o APP em seu celular.
NOME DO APLICATIVO: MASTER LOCK VAULT ENTERPRISE:
•	Após acesso liberado via acesites e cadastro interno do sistema o técnico receberá um e-mail (noreply@masterlockvault.com) com uma senha provisória.
•	No primeiro acesso deverão ser preenchidos os campos a seguir:
•	ORGANIZATION ID: TORRESDOBRASIL
•	EMAIL: Preencher e-mail cadastrado em nosso sistema Acesites
•	PASSWORD: Senha provisória recebida no e-mail (Verificar Lixo Eletrônico).
•	Configurar o celular para permitir o aplicativo utilizar a localização do aparelho durante o uso do APP (Configuração varia de acordo com o modelo do celular)

Após baixar o APP entrar em contato com o NOC TBSA para dar entrada ao site:
NOC (21) 2391 9487""

Melissa Sato"
417078,TCMGIJC0001,MGIJC01,Liberado,22/09/2026,RUA VIGILATO VILAS BOAS- SN,SUL,Adriano Francisco de Paula,"Para os acessos da Regional de MG, foi realizado uma reunião com a Claro e para os sites PORTFOLIO TBSA será necessário apresentação apenas do chamado do sistema Acesites na Central da Claro para retirada de chaves.
 
Encaminhar o formulário via e-mail SUPNOC por e-mail para encaminharmos para Claro.
 
Obs.: Atividade precisa estar aprovada, vigente e o nome do colaborador na lista.
 
ENDEREÇO DA CENTRAL DOS SITES em MG: RUA ESPÍRITO SANTO N°1000 - CENTRO""
Maria Eduarda"
428000,TCMGAGE0001,MGAGL80,Liberado,17/10/2026,RUA VILA DOS ANJOS SN,LESTE,Paulo De Freitas Pereira,"SEGREDO: 0001

Melissa Sato"
427981,TCMGMAN0001,MGMAG01,Liberado,17/11/2026,RUA WENCESLAU BRAZ- SN,NORTE,Paulo De Freitas Pereira,"“Para os acessos da Regional MG, foi realizada uma reunião com a Claro e ficou definido que, para os sites do portfólio TBSA, será necessária apenas a apresentação do chamado do sistema Acesites na Central da Claro para retirada das chaves. Para isso, deverá ser encaminhado um e-mail para Vanessa (vanessa.barros.terceiros@siteslatam.com.br), solicitando o formulário para preenchimento e liberação das chaves.
Observações:
A atividade deve estar aprovada e vigente no sistema.
O nome do colaborador deve constar na lista de autorização.
O endereço para retirada das chaves será encaminhado pelo responsável da Central via e-mail.”

Deborah Perotti"
322495,TCMGSWU0001,MGSWU01,Liberado,14/03/2026,SANTA BARBARA DO TUGURIO 36215000 SN,ZONA DA MATA,André Valério de Paiva,"Após a aprovação do chamado em nosso sistema o técnico deverá baixar o APP em seu celular. 
NOME DO APLICATIVO: MASTER LOCK VAULT ENTERPRISE: 
•	Após acesso liberado via acesites e cadastro interno do sistema o técnico receberá um e-mail (noreply@masterlockvault.com) com uma senha provisória. 
•	No primeiro acesso deverão ser preenchidos os campos a seguir: 
•	ORGANIZATION ID: TORRESDOBRASIL  
•	EMAIL: Preencher e-mail cadastrado em nosso sistema Acesites 
•	PASSWORD: Senha provisória recebida no e-mail (Verificar Lixo Eletrônico). 
•	Configurar o celular para permitir o aplicativo utilizar a localização do aparelho durante o uso do APP (Configuração varia de acordo com o modelo do celular) 
Após baixar o APP entrar em contato com o NOC TBSA para dar entrada ao site: 
NOC (21) 2391 9487 

Gabriel Cerqueira"
428036,TCMGSMW0001,MGSMA01,Liberado,17/10/2026,SANTA MARGARIDA 36910000 SN,LESTE,Paulo De Freitas Pereira,"""Após a aprovação do chamado em nosso sistema o técnico deverá baixar o APP em seu celular.
NOME DO APLICATIVO: MASTER LOCK VAULT ENTERPRISE:
•	Após acesso liberado via acesites e cadastro interno do sistema o técnico receberá um e-mail (noreply@masterlockvault.com) com uma senha provisória.
•	No primeiro acesso deverão ser preenchidos os campos a seguir:
•	ORGANIZATION ID: TORRESDOBRASIL
•	EMAIL: Preencher e-mail cadastrado em nosso sistema Acesites
•	PASSWORD: Senha provisória recebida no e-mail (Verificar Lixo Eletrônico).
•	Configurar o celular para permitir o aplicativo utilizar a localização do aparelho durante o uso do APP (Configuração varia de acordo com o modelo do celular)

Após baixar o APP entrar em contato com o NOC TBSA para dar entrada ao site:
NOC (21) 2391 9487""

Melissa Sato"
428037,TCMGSMW0002,MGSMA02,Liberado,17/10/2026,SANTA MARGARIDA 36910000- SN,LESTE,Paulo De Freitas Pereira,"SEGREDO 5000

Melissa Sato"
428013,TCMGIPG0002,MGIPG21,Liberado,17/10/2026,SANTANA IPATINGA 35160011 SN,LESTE,Paulo De Freitas Pereira,"Carta encaminhada ao local

""“Para os acessos da Regional MG, foi realizada uma reunião com a Claro e ficou definido que, para os sites do portfólio TBSA, será necessária apenas a apresentação do chamado do sistema Acesites na Central da Claro para retirada das chaves. Para isso, deverá ser encaminhado um e-mail para Vanessa (vanessa.barros.terceiros@siteslatam.com.br), solicitando o formulário para preenchimento e liberação das chaves.
Observações:
A atividade deve estar aprovada e vigente no sistema.
O nome do colaborador deve constar na lista de autorização.
O endereço para retirada das chaves será encaminhado pelo responsável da Central via e-mail.”""

Melissa Sato"
428077,TCMGMNH0001,MGMNH04,Liberado,17/11/2026,SAO JOSE DA CACHOEIRA ALTA- SN,LESTE,Paulo De Freitas Pereira,"""“Para os acessos da Regional MG, foi realizada uma reunião com a Claro e ficou definido que, para os sites do portfólio TBSA, será necessária apenas a apresentação do chamado do sistema Acesites na Central da Claro para retirada das chaves. Para isso, deverá ser encaminhado um e-mail para Vanessa (vanessa.barros.terceiros@siteslatam.com.br), solicitando o formulário para preenchimento e liberação das chaves.
Observações:
A atividade deve estar aprovada e vigente no sistema.
O nome do colaborador deve constar na lista de autorização.
O endereço para retirada das chaves será encaminhado pelo responsável da Central via e-mail.”""

Melissa Sato"
417159,TCMGCOB0001,MGCOB01,Liberado,22/09/2026,SÃO TIAGO- SN,ZONA DA MATA,André Valério de Paiva,"""Para os acessos da Regional de MG, foi realizado uma reunião com a Claro e para os sites PORTFOLIO TBSA será necessário apresentação apenas do chamado do sistema Acesites na Central da Claro para retirada de chaves.
 
Encaminhar o formulário via e-mail SUPNOC por e-mail para encaminharmos para Claro.
 
Obs.: Atividade precisa estar aprovada, vigente e o nome do colaborador na lista.
 
ENDEREÇO DA CENTRAL DOS SITES em MG: RUA ESPÍRITO SANTO N°1000 - CENTRO""

Melissa Sato"
427672,TCMGNLM0006,MGNVL35,Liberado,07/10/2026,SENADOR MILTON CAMPOS 115,BH,Renato Parreiras,"Carta encaminhada ao local.
Problemas de acesso, acionar o NOC TBSA 21 2391-9487 (wpp/lig) com os técnicos no local para tratarmos pontualmente.
Melissa Sato"
428032,TCMGSIW0001,MGSIW01,Liberado,17/10/2026,SERICITA 35368000 SN,LESTE,Paulo De Freitas Pereira,"SEGREDO:0001

Melissa Sato"
417048,TCMGCMP0001,MGCMP01,Liberado,22/09/2026,SERRA DAS ANTENAS SN,SUL,Adriano Francisco de Paula,"SEGREDO: 0001

Maria Eduarda"
417090,TCMGLUM0001,MGLUM01,Liberado,22/09/2026,SERRA MATA BOI- SN,SUL,Adriano Francisco de Paula,"Para os acessos da Regional de MG, foi realizado uma reunião com a Claro e para os sites PORTFOLIO TBSA será necessário apresentação apenas do chamado do sistema Acesites na Central da Claro para retirada de chaves.
 
Encaminhar o formulário via e-mail SUPNOC por e-mail para encaminharmos para Claro.
 
Obs.: Atividade precisa estar aprovada, vigente e o nome do colaborador na lista.
 
ENDEREÇO DA CENTRAL DOS SITES em MG: RUA ESPÍRITO SANTO N°1000 - CENTRO

Ellen P"
427908,TCMGLJL0001,MGLJL01,Liberado,30/10/2026,SERTAO ENGENHO VELHO- SN,ZONA DA MATA,André Valério de Paiva,"“Para os acessos da Regional MG, foi realizada uma reunião com a Claro e ficou definido que, para os sites do portfólio TBSA, será necessária apenas a apresentação do chamado do sistema Acesites na Central da Claro para retirada das chaves. Para isso, deverá ser encaminhado um e-mail para Vanessa (vanessa.barros.terceiros@siteslatam.com.br), solicitando o formulário para preenchimento e liberação das chaves.
Observações:
A atividade deve estar aprovada e vigente no sistema.
O nome do colaborador deve constar na lista de autorização.
O endereço para retirada das chaves será encaminhado pelo responsável da Central via e-mail.”

Deborah Perotti"
417120,TCMGRBV0002,MGRVM01,Liberado,22/09/2026,SITIO BOA VISTA SN- SN,SUL,Adriano Francisco de Paula,"""Para os acessos da Regional de MG, foi realizado uma reunião com a Claro e para os sites PORTFOLIO TBSA será necessário apresentação apenas do chamado do sistema Acesites na Central da Claro para retirada de chaves.
 
Encaminhar o formulário via e-mail SUPNOC por e-mail para encaminharmos para Claro.
 
Obs.: Atividade precisa estar aprovada, vigente e o nome do colaborador na lista.
 
ENDEREÇO DA CENTRAL DOS SITES em MG: RUA ESPÍRITO SANTO N°1000 - CENTRO""


Thais Fernandes"
428027,TCMGSAG0001,MGSAGR1,Liberado,17/10/2026,SITIO CACHOEIRA ALTA SN,LESTE,Paulo De Freitas Pereira,"""Após a aprovação do chamado em nosso sistema o técnico deverá baixar o APP em seu celular.
NOME DO APLICATIVO: MASTER LOCK VAULT ENTERPRISE:
•	Após acesso liberado via acesites e cadastro interno do sistema o técnico receberá um e-mail (noreply@masterlockvault.com) com uma senha provisória.
•	No primeiro acesso deverão ser preenchidos os campos a seguir:
•	ORGANIZATION ID: TORRESDOBRASIL
•	EMAIL: Preencher e-mail cadastrado em nosso sistema Acesites
•	PASSWORD: Senha provisória recebida no e-mail (Verificar Lixo Eletrônico).
•	Configurar o celular para permitir o aplicativo utilizar a localização do aparelho durante o uso do APP (Configuração varia de acordo com o modelo do celular)

Após baixar o APP entrar em contato com o NOC TBSA para dar entrada ao site:
NOC (21) 2391 9487""

Melissa Sato"
428100,TTMGPEB0001,MGPEB03,Liberado,17/11/2026,SITIO CORREGO DE MATIPO GRANDE SN 35364000,LESTE,Paulo De Freitas Pereira,"""“Para os acessos da Regional MG, foi realizada uma reunião com a Claro e ficou definido que, para os sites do portfólio TBSA, será necessária apenas a apresentação do chamado do sistema Acesites na Central da Claro para retirada das chaves. Para isso, deverá ser encaminhado um e-mail para Vanessa (vanessa.barros.terceiros@siteslatam.com.br), solicitando o formulário para preenchimento e liberação das chaves.
Observações:
A atividade deve estar aprovada e vigente no sistema.
O nome do colaborador deve constar na lista de autorização.
O endereço para retirada das chaves será encaminhado pelo responsável da Central via e-mail.”""

Melissa Sato"
427695,TCMGAME0001,MGAME01,Aguardando Aprovação,07/10/2026,SITIO DA SERRA- SN,METROPOLITANO,Arthur Santos de Oliveira,
417058,TCMGCRI0001,MGCRI01,Liberado,29/09/2026,SITIO DA TORRE SN,SUL,Adriano Francisco de Paula,"Após a aprovação do chamado em nosso sistema o técnico deverá baixar o APP em seu celular.
NOME DO APLICATIVO: MASTER LOCK VAULT ENTERPRISE:
•	Após acesso liberado via acesites e cadastro interno do sistema o técnico receberá um e-mail (noreply@masterlockvault.com) com uma senha provisória.
•	No primeiro acesso deverão ser preenchidos os campos a seguir:
•	ORGANIZATION ID: TORRESDOBRASIL
•	EMAIL: Preencher e-mail cadastrado em nosso sistema Acesites
•	PASSWORD: Senha provisória recebida no e-mail (Verificar Lixo Eletrônico).
•	Configurar o celular para permitir o aplicativo utilizar a localização do aparelho durante o uso do APP (Configuração varia de acordo com o modelo do celular)
Após baixar o APP entrar em contato com o NOC TBSA para dar entrada ao site:
NOC (21) 2391 9487

Deborah Perotti"
417066,TCMGEST0001,MGEST01,Liberado,22/09/2026,SITIO DONA FRANCAFAZENDA OLARIA SN,SUL,Adriano Francisco de Paula,"SEGREDO:0001
Maria Eduarda"
417154,TCMGBBC0008,MGBBCR5,Liberado,22/09/2026,SITIO POMBAL- SN,ZONA DA MATA,André Valério de Paiva,"""Para os acessos da Regional de MG, foi realizado uma reunião com a Claro e para os sites PORTFOLIO TBSA será necessário apresentação apenas do chamado do sistema Acesites na Central da Claro para retirada de chaves.
 
Encaminhar o formulário via e-mail SUPNOC por e-mail para encaminharmos para Claro.
 
Obs.: Atividade precisa estar aprovada, vigente e o nome do colaborador na lista.
 
ENDEREÇO DA CENTRAL DOS SITES em MG: RUA ESPÍRITO SANTO N°1000 - CENTRO""

Melissa Sato"
428079,TCMGMNH0004,MGMNH06,Liberado,17/11/2026,SITIO POUSO ALEGRE- SN,LESTE,Paulo De Freitas Pereira,"""“Para os acessos da Regional MG, foi realizada uma reunião com a Claro e ficou definido que, para os sites do portfólio TBSA, será necessária apenas a apresentação do chamado do sistema Acesites na Central da Claro para retirada das chaves. Para isso, deverá ser encaminhado um e-mail para Vanessa (vanessa.barros.terceiros@siteslatam.com.br), solicitando o formulário para preenchimento e liberação das chaves.
Observações:
A atividade deve estar aprovada e vigente no sistema.
O nome do colaborador deve constar na lista de autorização.
O endereço para retirada das chaves será encaminhado pelo responsável da Central via e-mail.”""

Melissa Sato"
417124,TCMGSCM0001,MGSCM01,Liberado,22/09/2026,SITIO RANCHO ALEGRE- SN,SUL,Adriano Francisco de Paula,"""Para os acessos da Regional de MG, foi realizado uma reunião com a Claro e para os sites PORTFOLIO TBSA será necessário apresentação apenas do chamado do sistema Acesites na Central da Claro para retirada de chaves.
 
Encaminhar o formulário via e-mail SUPNOC por e-mail para encaminharmos para Claro.
 
Obs.: Atividade precisa estar aprovada, vigente e o nome do colaborador na lista.
 
ENDEREÇO DA CENTRAL DOS SITES em MG: RUA ESPÍRITO SANTO N°1000 - CENTRO""


Thais Fernandes"
417093,TCMGMCH0002,MGMCH80,Liberado,22/09/2026,SITIO SANTA BARBARA SN,SUL,Adriano Francisco de Paula,"""Após a aprovação do chamado em nosso sistema o técnico deverá baixar o APP em seu celular.
NOME DO APLICATIVO: MASTER LOCK VAULT ENTERPRISE:
•	Após acesso liberado via acesites e cadastro interno do sistema o técnico receberá um e-mail (noreply@masterlockvault.com) com uma senha provisória.
•	No primeiro acesso deverão ser preenchidos os campos a seguir:
•	ORGANIZATION ID: TORRESDOBRASIL 
•	EMAIL: Preencher e-mail cadastrado em nosso sistema Acesites
•	PASSWORD: Senha provisória recebida no e-mail (Verificar Lixo Eletrônico).
•	Configurar o celular para permitir o aplicativo utilizar a localização do aparelho durante o uso do APP (Configuração varia de acordo com o modelo do celular)

Após baixar o APP entrar em contato com o NOC TBSA para dar entrada ao site:
NOC (21) 2391 9487""


Thais Fernandes"
417099,TCMGMUO0001,MGMUO02,Liberado,22/09/2026,SITIO SAO JOAO-,SUL,Adriano Francisco de Paula,"""Para os acessos da Regional de MG, foi realizado uma reunião com a Claro e para os sites PORTFOLIO TBSA será necessário apresentação apenas do chamado do sistema Acesites na Central da Claro para retirada de chaves.
 
Encaminhar o formulário via e-mail SUPNOC por e-mail para encaminharmos para Claro.
 
Obs.: Atividade precisa estar aprovada, vigente e o nome do colaborador na lista.
 
ENDEREÇO DA CENTRAL DOS SITES em MG: RUA ESPÍRITO SANTO N°1000 - CENTRO""



Thais Fernandes"
427803,TCMGEXT0002,MGEXT02,Liberado,07/10/2026,SITIO SAO JOSE SN,SUL,Adriano Francisco de Paula,"Após a aprovação do chamado em nosso sistema o técnico deverá baixar o APP em seu celular.
NOME DO APLICATIVO: MASTER LOCK VAULT ENTERPRISE:
•	Após acesso liberado via acesites e cadastro interno do sistema o técnico receberá um e-mail (noreply@masterlockvault.com) com uma senha provisória.
•	No primeiro acesso deverão ser preenchidos os campos a seguir:
•	ORGANIZATION ID: TORRESDOBRASIL
•	EMAIL: Preencher e-mail cadastrado em nosso sistema Acesites
•	PASSWORD: Senha provisória recebida no e-mail (Verificar Lixo Eletrônico).
•	Configurar o celular para permitir o aplicativo utilizar a localização do aparelho durante o uso do APP (Configuração varia de acordo com o modelo do celular)
Após baixar o APP entrar em contato com o NOC TBSA para dar entrada ao site:
NOC (21) 2391 9487

Deborah Perotti"
417152,TCMGBBC0005,MGBBCR1,Liberado,22/09/2026,SITIO SAPATEIRA- SN,ZONA DA MATA,André Valério de Paiva,"""Para os acessos da Regional de MG, foi realizado uma reunião com a Claro e para os sites PORTFOLIO TBSA será necessário apresentação apenas do chamado do sistema Acesites na Central da Claro para retirada de chaves.
 
Encaminhar o formulário via e-mail SUPNOC por e-mail para encaminharmos para Claro.
 
Obs.: Atividade precisa estar aprovada, vigente e o nome do colaborador na lista.
 
ENDEREÇO DA CENTRAL DOS SITES em MG: RUA ESPÍRITO SANTO N°1000 - CENTRO""

Melissa Sato"
417156,TCMGBCD0002,MGBCD80,Liberado,22/09/2026,SITIO SERRA DA APARECIDA OU GROTA DO CED SN,ZONA DA MATA,André Valério de Paiva,"SEGREDO: 0002

Melissa Sato"
417176,TCMGLDU0001,MGLDU02,Liberado,22/09/2026,SITIO TANQUE SN,ZONA DA MATA,André Valério de Paiva,"SEGREDO: 0001

Melissa Sato"
427982,TCMGMCL0002,MGMCL01,Liberado,17/11/2026,STA EFIGENIA SN,NORTE,Paulo De Freitas Pereira,"Após a aprovação do chamado em nosso sistema o técnico deverá baixar o APP em seu celular.
NOME DO APLICATIVO: MASTER LOCK VAULT ENTERPRISE:
•	Após acesso liberado via acesites e cadastro interno do sistema o técnico receberá um e-mail (noreply@masterlockvault.com) com uma senha provisória.
•	No primeiro acesso deverão ser preenchidos os campos a seguir:
•	ORGANIZATION ID: TORRESDOBRASIL
•	EMAIL: Preencher e-mail cadastrado em nosso sistema Acesites
•	PASSWORD: Senha provisória recebida no e-mail (Verificar Lixo Eletrônico).
•	Configurar o celular para permitir o aplicativo utilizar a localização do aparelho durante o uso do APP (Configuração varia de acordo com o modelo do celular)
Após baixar o APP entrar em contato com o NOC TBSA para dar entrada ao site:
NOC (21) 2391 9487

Deborah Perotti"
427978,TCMGJNR0001,MGJNR01,Liberado,17/11/2026,TRAVESSA TREZE DE MAIO SN,NORTE,Paulo De Freitas Pereira,"Após a aprovação do chamado em nosso sistema o técnico deverá baixar o APP em seu celular.
NOME DO APLICATIVO: MASTER LOCK VAULT ENTERPRISE:
•	Após acesso liberado via acesites e cadastro interno do sistema o técnico receberá um e-mail (noreply@masterlockvault.com) com uma senha provisória.
•	No primeiro acesso deverão ser preenchidos os campos a seguir:
•	ORGANIZATION ID: TORRESDOBRASIL
•	EMAIL: Preencher e-mail cadastrado em nosso sistema Acesites
•	PASSWORD: Senha provisória recebida no e-mail (Verificar Lixo Eletrônico).
•	Configurar o celular para permitir o aplicativo utilizar a localização do aparelho durante o uso do APP (Configuração varia de acordo com o modelo do celular)
Após baixar o APP entrar em contato com o NOC TBSA para dar entrada ao site:
NOC (21) 2391 9487

Deborah Perotti"
427949,TCMGUBE0016,MGULA65,Liberado,18/10/2026,TRAVESSA VERISSIMO- 40,OESTE,Arthur Gomes de Paulo,"Carta encaminhada ao local via wpp

Direcionar os técnicos com a carta de liberação em mãos.
Problemas de acesso, acionar o NOC TBSA 21 2391-9487 (wpp/lig) com os técnicos no local para tratarmos pontualmente.
Melissa Sato"
417138,TCMGTRP0002,MGTRP02,Liberado,22/09/2026,TRES PONTAS 37190000- SN,SUL,Adriano Francisco de Paula,"""Para os acessos da Regional de MG, foi realizado uma reunião com a Claro e para os sites PORTFOLIO TBSA será necessário apresentação apenas do chamado do sistema Acesites na Central da Claro para retirada de chaves.
 
Encaminhar o formulário via e-mail SUPNOC por e-mail para encaminharmos para Claro.
 
Obs.: Atividade precisa estar aprovada, vigente e o nome do colaborador na lista.
 
ENDEREÇO DA CENTRAL DOS SITES em MG: RUA ESPÍRITO SANTO N°1000 - CENTRO""

Thais Fernandes"
428026,TCMGRSO0002,MGRSO80,Liberado,17/10/2026,UNIAO DO CORREGO- S/N,LESTE,Paulo De Freitas Pereira,"SEGREDO 500

Melissa Sato"
417125,TCMGSGS0001,MGSGSR1,Liberado,22/09/2026,VALE FORMOSO- SN,SUL,Adriano Francisco de Paula,"""Para os acessos da Regional de MG, foi realizado uma reunião com a Claro e para os sites PORTFOLIO TBSA será necessário apresentação apenas do chamado do sistema Acesites na Central da Claro para retirada de chaves.
 
Encaminhar o formulário via e-mail SUPNOC por e-mail para encaminharmos para Claro.
 
Obs.: Atividade precisa estar aprovada, vigente e o nome do colaborador na lista.
 
ENDEREÇO DA CENTRAL DOS SITES em MG: RUA ESPÍRITO SANTO N°1000 - CENTRO""


Thais Fernandes"
417045,TCMGCGR0002,MGCGR80,Liberado,22/09/2026,VARGEDO- SN,SUL,Adriano Francisco de Paula,"Para os acessos da Regional de MG, foi realizado uma reunião com a Claro e para os sites PORTFOLIO TBSA será necessário apresentação apenas do chamado do sistema Acesites na Central da Claro para retirada de chaves.
 
Encaminhar o formulário via e-mail SUPNOC por e-mail para encaminharmos para Claro.
 
Obs.: Atividade precisa estar aprovada, vigente e o nome do colaborador na lista.
 
ENDEREÇO DA CENTRAL DOS SITES em MG: RUA ESPÍRITO SANTO N°1000 - CENTRO

Maria Eduarda"
427656,TCMGITO0002,MGITOR3,Liberado,07/10/2026,VARGEM DOS VELUDINHOS SN,BH,Renato Parreiras,"Após a aprovação do chamado em nosso sistema o técnico deverá baixar o APP em seu celular.
NOME DO APLICATIVO: MASTER LOCK VAULT ENTERPRISE:
•	Após acesso liberado via acesites e cadastro interno do sistema o técnico receberá um e-mail (noreply@masterlockvault.com) com uma senha provisória.
•	No primeiro acesso deverão ser preenchidos os campos a seguir:
•	ORGANIZATION ID: TORRESDOBRASIL 
•	EMAIL: Preencher e-mail cadastrado em nosso sistema Acesites
•	PASSWORD: Senha provisória recebida no e-mail (Verificar Lixo Eletrônico).
•	Configurar o celular para permitir o aplicativo utilizar a localização do aparelho durante o uso do APP (Configuração varia de acordo com o modelo do celular)

Após baixar o APP entrar em contato com o NOC TBSA para dar entrada ao site:
NOC (21) 2391 9487
Maria Eduarda R."
427741,TCMGJEQ0001,MGJEQ01,Aguardando Aprovação,07/10/2026,ZICO DE SOUZA 6,METROPOLITANO,Leandro de Menezes Assunção,
428054,TTMGCFB0001,MGCFB16,Liberado,17/10/2026,ZONA RURAL SN,LESTE,Paulo De Freitas Pereira,"CADEADO SEGREDO: 0001

Melissa Sato"
